Name,Symbol,Price,24h %,7d %,Market Cap,Volume (24h)
Bitcoin,Bitcoin,"$104,455.81",0.08%,0.88%,10.26%,"$2,073,520,494,618"
Ethereum,Ethereum,"$2,541.35",0.97%,2.64%,39.17%,"$306,816,726,737"
Tether,Tether,$1.00,0.00%,0.01%,0.00%,"$149,987,929,150"
XRP,XRP,$2.40,0.13%,2.15%,10.49%,"$140,753,371,395"
BNB,BNB,$659.61,0.28%,0.59%,11.46%,"$92,933,220,096"
Solana,Solana,$176.14,0.34%,1.92%,19.95%,"$91,477,503,197"
USDC,USDC,$0.9998,0.01%,0.00%,0.02%,"$60,729,400,838"
Dogecoin,Dogecoin,$0.2441,1.34%,6.24%,40.78%,"$36,433,358,463"
Cardano,Cardano,$0.8249,0.98%,4.55%,20.36%,"$29,132,952,518"
TRON,TRON,$0.2667,0.98%,2.25%,7.27%,"$25,317,630,227"
Sui,Sui,$4.21,0.63%,6.53%,23.41%,"$14,082,737,754"
Chainlink,Chainlink,$17.48,1.43%,6.46%,24.03%,"$11,486,512,517"
Pi,Pi,$1.55,12.81%,70.55%,162.82%,"$10,997,870,557"
Avalanche,Avalanche,$26.10,2.76%,6.72%,30.52%,"$10,920,528,708"
Shiba Inu,Shiba Inu,$0.00001667,1.08%,5.91%,28.78%,"$9,824,876,573"
Stellar,Stellar,$0.3127,0.30%,3.06%,16.77%,"$9,704,807,712"
Hedera,Hedera,$0.2143,1.65%,4.47%,20.90%,"$9,052,384,266"
Toncoin,Toncoin,$3.47,0.45%,4.06%,14.75%,"$8,663,167,908"
Hyperliquid,Hyperliquid,$24.90,0.11%,4.46%,20.65%,"$8,316,856,782"
Polkadot,Polkadot,$5.27,1.83%,5.52%,32.53%,"$8,318,301,996"
Bitcoin Cash,Bitcoin Cash,$413.11,0.76%,0.82%,14.73%,"$8,207,944,567"
Litecoin,Litecoin,$102.50,0.88%,2.13%,16.66%,"$7,774,602,728"
UNUS SED LEO,UNUS SED LEO,$8.33,0.01%,0.71%,8.28%,"$7,700,484,699"
Monero,Monero,$346.62,2.56%,8.41%,26.13%,"$6,394,151,361"
Pepe,Pepe,$0.00001457,1.18%,14.30%,75.05%,"$6,131,505,689"
Bitget Token,Bitget Token,$4.90,0.83%,2.55%,13.78%,"$5,744,309,321"
Dai,Dai,$0.9999,0.01%,0.01%,0.00%,"$5,365,263,265"
Ethena USDe,Ethena USDe,$1.00,0.00%,0.01%,0.02%,"$4,659,662,245"
Uniswap,Uniswap,$7.13,1.05%,1.17%,39.85%,"$4,483,123,659"
Bittensor,Bittensor,$472.01,0.11%,5.74%,30.28%,"$4,147,273,237"
NEAR Protocol,NEAR Protocol,$3.24,1.23%,1.69%,36.07%,"$3,930,709,830"
Aptos,Aptos,$6.04,0.93%,3.23%,17.07%,"$3,752,962,673"
Ondo,Ondo,$1.08,1.08%,5.73%,22.23%,"$3,419,956,035"
Aave,Aave,$223.29,0.67%,2.62%,24.15%,"$3,375,114,254"
Kaspa,Kaspa,$0.1292,2.39%,23.52%,39.97%,"$3,381,331,493"
OKB,OKB,$55.39,0.72%,0.45%,8.58%,"$3,323,898,531"
Internet Computer,Internet Computer,$5.92,2.40%,6.73%,27.23%,"$3,157,774,556"
Ethereum Classic,Ethereum Classic,$20.40,1.15%,3.57%,26.30%,"$3,098,495,657"
VeChain,VeChain,$0.03313,3.74%,7.91%,29.94%,"$2,848,689,366"
OFFICIAL TRUMP,OFFICIAL TRUMP,$14.06,0.20%,3.51%,25.90%,"$2,813,657,738"
Render,Render,$5.37,0.46%,5.01%,20.07%,"$2,781,957,818"
POL (prev. MATIC),POL (prev. MATIC),$0.2634,2.00%,1.77%,13.00%,"$2,744,940,238"
Mantle,Mantle,$0.8075,0.03%,4.74%,12.22%,"$2,717,313,797"
Cronos,Cronos,$0.1014,1.85%,2.64%,14.54%,"$2,694,587,088"
GateToken,GateToken,$21.95,0.29%,0.90%,2.43%,"$2,697,926,882"
Ethena,Ethena,$0.4237,1.97%,8.21%,45.05%,"$2,466,477,096"
Arbitrum,Arbitrum,$0.4620,0.89%,0.62%,44.70%,"$2,197,879,237"
Filecoin,Filecoin,$3.23,1.55%,2.99%,21.81%,"$2,151,025,314"
Artificial Superintelligence Alliance,Artificial Superintelligence Alliance,$0.8862,2.41%,2.32%,32.91%,"$2,118,864,063"
World Liberty Financial USD,World Liberty Financial USD,$1.00,0.03%,0.06%,0.08%,"$2,129,292,952"
Algorand,Algorand,$0.2457,1.15%,2.45%,20.80%,"$2,113,041,132"
Cosmos,Cosmos,$5.39,0.56%,4.38%,29.84%,"$2,107,263,342"
Celestia,Celestia,$3.27,1.03%,4.39%,34.61%,"$2,069,608,125"
Bonk,Bonk,$0.00002386,1.13%,9.76%,39.35%,"$1,888,838,656"
Worldcoin,Worldcoin,$1.30,0.31%,3.15%,36.48%,"$1,802,408,744"
Sonic (prev. FTM),Sonic (prev. FTM),$0.6035,1.22%,3.71%,15.28%,"$1,738,352,205"
Jupiter,Jupiter,$0.5849,0.36%,6.53%,34.51%,"$1,695,053,709"
Stacks,Stacks,$1.01,0.55%,2.85%,31.18%,"$1,549,631,574"
Maker,Maker,"$1,845.77",1.43%,2.87%,18.57%,"$1,538,191,811"
First Digital USD,First Digital USD,$0.9991,0.04%,0.04%,0.07%,"$1,516,223,138"
EOS,EOS,$0.9603,1.43%,5.85%,35.95%,"$1,502,650,140"
Optimism,Optimism,$0.8772,0.57%,1.69%,29.47%,"$1,453,721,157"
KuCoin Token,KuCoin Token,$11.33,0.13%,0.89%,5.59%,"$1,416,898,287"
Injective,Injective,$13.90,0.25%,7.55%,44.76%,"$1,390,064,967"
Fartcoin,Fartcoin,$1.37,0.53%,6.21%,22.19%,"$1,377,278,285"
Sei,Sei,$0.2687,1.93%,4.67%,30.54%,"$1,372,576,397"
Virtuals Protocol,Virtuals Protocol,$2.07,3.49%,8.35%,18.03%,"$1,354,000,953"
Immutable,Immutable,$0.7491,1.05%,4.09%,32.43%,"$1,361,524,457"
Story,Story,$4.81,1.20%,3.81%,27.74%,"$1,301,913,894"
Flare,Flare,$0.01981,0.68%,1.50%,0.33%,"$1,290,395,849"
dogwifhat,dogwifhat,$1.21,2.56%,39.91%,118.02%,"$1,214,315,394"
XDC Network,XDC Network,$0.07716,1.01%,1.04%,9.93%,"$1,212,179,918"
The Graph,The Graph,$0.1223,0.93%,3.35%,34.08%,"$1,201,880,283"
Quant,Quant,$99.97,0.74%,3.82%,15.99%,"$1,206,922,362"
DeXe,DeXe,$14.10,0.15%,1.34%,2.44%,"$1,181,029,195"
FLOKI,FLOKI,$0.0001169,1.53%,13.72%,52.02%,"$1,126,099,109"
Curve DAO Token,Curve DAO Token,$0.8031,2.11%,4.24%,15.66%,"$1,078,713,752"
Four,Four,$2.75,0.12%,13.83%,17.41%,"$1,051,837,694"
Theta Network,Theta Network,$1.04,3.75%,4.32%,48.92%,"$1,046,692,706"
Gala,Gala,$0.02274,1.47%,5.24%,45.49%,"$1,009,362,986"
JasmyCoin,JasmyCoin,$0.02049,2.99%,11.55%,28.89%,"$1,013,474,655"
Lido DAO,Lido DAO,$1.12,2.08%,1.74%,37.68%,"$1,008,242,308"
IOTA,IOTA,$0.2603,1.59%,7.18%,25.81%,"$976,610,217"
Raydium,Raydium,$3.30,0.95%,6.16%,20.63%,"$959,581,165"
The Sandbox,The Sandbox,$0.3668,1.38%,5.11%,31.63%,"$931,101,617"
PayPal USD,PayPal USD,$0.9995,0.02%,0.01%,0.03%,"$929,654,706"
Pudgy Penguins,Pudgy Penguins,$0.01419,0.49%,3.93%,27.90%,"$892,010,959"
Walrus,Walrus,$0.6823,0.45%,10.89%,12.75%,"$897,566,609"
Core,Core,$0.8642,0.90%,4.01%,11.56%,"$865,219,070"
Ethereum Name Service,Ethereum Name Service,$23.92,1.55%,3.29%,32.70%,"$862,095,413"
Bitcoin SV,Bitcoin SV,$42.07,0.44%,1.67%,11.49%,"$835,685,854"
Brett (Based),Brett (Based),$0.08338,0.63%,1.51%,48.28%,"$826,395,833"
PancakeSwap,PancakeSwap,$2.46,0.58%,1.91%,26.24%,"$831,565,912"
Nexo,Nexo,$1.28,0.51%,3.13%,4.62%,"$832,404,499"
BitTorrent [New],BitTorrent [New],$0.068324,1.05%,4.24%,17.10%,"$820,800,101"
SPX6900,SPX6900,$0.8490,0.19%,13.81%,59.88%,"$790,494,685"
Tether Gold,Tether Gold,"$3,227.57",1.53%,2.76%,1.44%,"$795,674,957"
Kaia,Kaia,$0.1275,0.42%,4.47%,13.45%,"$767,300,710"
PAX Gold,PAX Gold,"$3,232.32",1.56%,2.78%,1.43%,"$765,792,958"
Flow,Flow,$0.4671,1.68%,4.73%,25.04%,"$738,819,906"
Helium,Helium,$4.03,0.92%,1.39%,4.81%,"$736,550,009"
Decentraland,Decentraland,$0.3764,1.75%,4.23%,26.75%,"$731,191,047"
Tezos,Tezos,$0.6926,2.48%,5.52%,28.40%,"$722,532,433"
Zcash,Zcash,$44.56,1.42%,6.98%,24.27%,"$707,979,109"
Pyth Network,Pyth Network,$0.1958,4.42%,7.09%,40.71%,"$710,109,680"
THORChain,THORChain,$1.99,2.53%,18.91%,58.38%,"$701,648,829"
Jito,Jito,$2.13,0.45%,5.48%,32.34%,"$699,140,286"
DeepBook Protocol,DeepBook Protocol,$0.2145,0.60%,9.43%,11.64%,"$675,942,173"
Pendle,Pendle,$4.02,2.42%,6.49%,24.07%,"$653,520,401"
Polyhedra Network,Polyhedra Network,$2.18,0.42%,0.02%,2.99%,"$641,016,898"
Aerodrome Finance,Aerodrome Finance,$0.7656,0.99%,5.43%,20.70%,"$623,918,100"
Popcat (SOL),Popcat (SOL),$0.6241,0.62%,22.96%,64.51%,"$611,653,393"
AIOZ Network,AIOZ Network,$0.5185,1.79%,6.31%,32.52%,"$609,544,041"
Onyxcoin,Onyxcoin,$0.01811,0.71%,0.57%,8.04%,"$607,192,193"
Reserve Rights,Reserve Rights,$0.01050,0.74%,7.75%,19.78%,"$599,775,818"
Starknet,Starknet,$0.1890,2.29%,7.23%,41.02%,"$587,549,545"
dYdX,dYdX,$0.7355,1.89%,4.01%,24.13%,"$571,150,429"
Neo,Neo,$7.98,10.52%,15.55%,39.85%,"$563,424,607"
MultiversX,MultiversX,$20.08,1.57%,4.28%,25.45%,"$566,729,170"
Movement,Movement,$0.2241,2.41%,0.67%,32.45%,"$560,304,347"
Arweave,Arweave,$8.44,2.19%,3.82%,16.35%,"$554,337,869"
Conflux,Conflux,$0.1059,7.26%,9.00%,45.77%,"$536,130,616"
Berachain,Berachain,$4.36,0.72%,4.36%,47.51%,"$520,864,939"
ApeCoin,ApeCoin,$0.6964,2.45%,6.95%,40.50%,"$524,148,181"
Kava,Kava,$0.4742,2.08%,0.17%,3.79%,"$513,537,143"
SuperVerse,SuperVerse,$0.8770,1.23%,2.67%,26.03%,"$510,948,798"
Axie Infinity,Axie Infinity,$3.18,0.88%,2.60%,35.38%,"$513,357,533"
eCash,eCash,$0.00002553,1.98%,5.86%,18.17%,"$507,260,512"
TrueUSD,TrueUSD,$0.9971,0.10%,0.10%,0.10%,"$494,112,673"
Mog Coin,Mog Coin,$0.051240,1.98%,10.64%,111.06%,"$484,531,319"
Wormhole,Wormhole,$0.1062,1.63%,6.44%,33.83%,"$486,498,600"
Chiliz,Chiliz,$0.04905,2.08%,3.29%,23.88%,"$470,364,198"
Beam,Beam,$0.009543,2.63%,7.18%,26.34%,"$472,068,695"
Ronin,Ronin,$0.7091,1.94%,2.50%,33.95%,"$463,930,703"
Akash Network,Akash Network,$1.81,1.17%,1.43%,14.13%,"$451,238,031"
Peanut the Squirrel,Peanut the Squirrel,$0.4414,4.18%,27.42%,168.18%,"$441,363,680"
Morpho,Morpho,$1.66,1.48%,5.45%,20.62%,"$440,396,399"
ai16z,ai16z,$0.3924,3.22%,19.33%,43.34%,"$431,676,411"
Compound,Compound,$48.82,1.62%,4.56%,21.91%,"$436,532,999"
Turbo,Turbo,$0.006240,1.80%,8.50%,14.10%,"$430,560,521"
APENFT,APENFT,$0.064357,0.51%,3.20%,3.59%,"$435,741,134"
EigenLayer,EigenLayer,$1.44,3.20%,8.51%,69.96%,"$432,204,009"
MANTRA,MANTRA,$0.4328,1.05%,0.08%,9.72%,"$418,611,870"
KAITO,KAITO,$1.71,1.31%,0.69%,106.10%,"$414,755,077"
Axelar,Axelar,$0.4261,0.43%,1.72%,19.48%,"$411,358,163"
Grass,Grass,$1.67,0.33%,7.09%,17.12%,"$408,171,419"
AB,AB,$0.007000,0.04%,0.60%,13.21%,"$405,389,271"
cat in a dogs world,cat in a dogs world,$0.004364,3.10%,27.04%,59.17%,"$387,917,339"
Dog (Bitcoin),Dog (Bitcoin),$0.003913,1.47%,11.84%,39.60%,"$391,375,292"
FTX Token,FTX Token,$1.17,0.70%,1.70%,6.27%,"$388,004,849"
Terra Classic,Terra Classic,$0.00007037,0.09%,3.56%,17.84%,"$383,486,638"
Amp,Amp,$0.004522,0.62%,1.29%,12.41%,"$380,937,721"
JUST,JUST,$0.03826,2.02%,3.23%,7.28%,"$378,806,510"
Trust Wallet Token,Trust Wallet Token,$0.9038,2.11%,3.13%,15.19%,"$376,604,533"
Sun [New],Sun [New],$0.01951,0.20%,2.36%,8.15%,"$375,682,296"
Gnosis,Gnosis,$141.03,2.16%,2.48%,28.18%,"$365,041,251"
Mina,Mina,$0.2939,0.76%,5.15%,28.97%,"$361,787,938"
Toshi,Toshi,$0.0008714,3.91%,43.03%,124.16%,"$355,593,020"
USDD,USDD,$0.9994,0.08%,0.09%,0.04%,"$354,006,991"
Aethir,Aethir,$0.03838,0.58%,6.27%,29.44%,"$348,669,906"
Convex Finance,Convex Finance,$3.51,3.06%,1.26%,18.19%,"$341,507,620"
Creditcoin,Creditcoin,$0.7505,0.69%,2.00%,10.41%,"$337,305,948"
LayerZero,LayerZero,$3.03,0.95%,4.19%,20.47%,"$333,798,186"
1inch Network,1inch Network,$0.2394,2.35%,3.36%,23.25%,"$331,997,575"
Safe,Safe,$0.5638,0.18%,2.65%,26.02%,"$327,201,455"
Kusama,Kusama,$19.59,1.25%,6.17%,33.15%,"$323,025,306"
ether.fi,ether.fi,$1.14,4.26%,2.56%,116.69%,"$318,131,775"
Notcoin,Notcoin,$0.003083,0.48%,9.31%,35.68%,"$315,924,687"
Dash,Dash,$25.30,0.76%,4.10%,15.17%,"$310,114,632"
Synthetix,Synthetix,$0.9100,2.53%,8.11%,36.39%,"$308,944,100"
Baby Doge Coin,Baby Doge Coin,$0.081866,0.34%,11.52%,51.21%,"$306,580,298"
Cheems (cheems.pet),Cheems (cheems.pet),$0.051625,0.17%,3.06%,5.53%,"$304,843,652"
SafePal,SafePal,$0.6029,0.66%,3.46%,15.02%,"$301,466,811"
Maple Finance,Maple Finance,$0.2754,2.83%,6.32%,62.26%,"$294,200,372"
Zilliqa,Zilliqa,$0.01503,1.29%,4.90%,25.12%,"$293,004,155"
Oasis,Oasis,$0.04166,2.36%,11.17%,46.14%,"$294,308,977"
Golem,Golem,$0.2904,1.09%,2.14%,10.09%,"$290,422,785"
Blur,Blur,$0.1242,0.72%,2.85%,26.71%,"$289,678,669"
ZKsync,ZKsync,$0.07884,3.03%,4.21%,47.19%,"$289,767,359"
Theta Fuel,Theta Fuel,$0.04126,1.06%,1.48%,15.00%,"$286,239,718"
Qtum,Qtum,$2.68,4.99%,7.76%,28.59%,"$284,076,683"
Nervos Network,Nervos Network,$0.005913,0.65%,2.93%,27.29%,"$274,910,347"
Alchemy Pay,Alchemy Pay,$0.03038,2.23%,5.44%,19.19%,"$274,062,928"
Gigachad,Gigachad,$0.02861,2.79%,7.65%,60.83%,"$266,189,496"
Moo Deng (moodengsol.com),Moo Deng (moodengsol.com),$0.2626,1.66%,107.17%,567.87%,"$260,035,733"
Moca Network,Moca Network,$0.09783,1.31%,2.58%,13.03%,"$261,891,211"
0x Protocol,0x Protocol,$0.3062,0.48%,4.23%,20.36%,"$259,843,657"
Decred,Decred,$15.48,0.66%,3.03%,24.26%,"$260,037,811"
Celo,Celo,$0.4521,3.60%,9.42%,33.63%,"$258,004,949"
VeThor Token,VeThor Token,$0.002890,2.07%,4.74%,15.64%,"$258,434,656"
Basic Attention Token,Basic Attention Token,$0.1697,0.94%,5.11%,20.39%,"$253,846,197"
MX Token,MX Token,$2.70,0.56%,0.15%,3.99%,"$254,756,232"
Gas,Gas,$3.85,3.76%,11.38%,20.47%,"$250,834,171"
Astar,Astar,$0.03272,0.07%,3.03%,19.64%,"$250,518,424"
Livepeer,Livepeer,$6.15,0.50%,3.98%,29.26%,"$249,359,681"
ZetaChain,ZetaChain,$0.3011,0.15%,1.33%,19.59%,"$249,654,474"
Frax (prev. FXS),Frax (prev. FXS),$2.77,1.46%,5.47%,20.24%,"$249,552,365"
Solayer,Solayer,$1.18,0.03%,0.31%,63.52%,"$248,229,070"
SPACE ID,SPACE ID,$0.2426,0.35%,3.96%,23.22%,"$243,258,424"
Harmony,Harmony,$0.01666,1.77%,6.34%,35.26%,"$242,939,355"
Fasttoken,Fasttoken,$4.35,0.04%,0.16%,1.72%,"$1,901,101,254"
Jupiter Perps LP,Jupiter Perps LP,$4.59,0.36%,1.02%,12.16%,"$1,607,986,647"
Fellaz,Fellaz,$1.61,0.17%,0.68%,13.47%,"$763,355,233"
Zeebu,Zeebu,$2.69,0.14%,12.19%,17.99%,"$698,631,163"
Usual USD,Usual USD,$0.9981,0.02%,0.01%,0.06%,"$646,340,399"
Ondo US Dollar Yield,Ondo US Dollar Yield,$1.10,1.67%,1.04%,1.90%,"$592,954,755"
Telcoin,Telcoin,$0.006257,2.13%,5.04%,13.98%,"$569,517,887"
would,would,$0.5516,1.42%,0.31%,1.50%,"$551,353,453"
Ultima,Ultima,"$14,369.75",3.82%,10.57%,29.03%,"$537,557,988"
Beldex,Beldex,$0.06521,0.40%,0.46%,0.32%,"$465,976,788"
Plume,Plume,$0.2026,1.24%,8.37%,15.15%,"$405,243,233"
Olympus v2,Olympus v2,$21.51,0.16%,0.64%,1.41%,"$369,569,742"
UPCX,UPCX,$4.01,0.09%,1.29%,2.60%,"$356,981,469"
WhiteRock,WhiteRock,$0.0005162,0.43%,1.98%,1.35%,"$335,559,399"
Ripple USD,Ripple USD,$0.9996,0.02%,0.01%,0.01%,"$316,944,050"
Legacy Frax Dollar,Legacy Frax Dollar,$1.00,0.01%,0.01%,0.00%,"$315,117,761"
Cheelee,Cheelee,$5.40,0.42%,0.41%,16.36%,"$307,279,629"
Snek,Snek,$0.003940,1.21%,7.12%,23.70%,"$293,604,865"
Global Dollar,Global Dollar,$0.9998,0.01%,0.01%,0.05%,"$283,621,138"
GHO,GHO,$0.9986,0.03%,0.00%,0.07%,"$263,147,978"
Chintai,Chintai,$0.2546,1.01%,4.65%,37.56%,"$254,343,913"
Falcon USD,Falcon USD,$0.9993,0.01%,0.06%,0.08%,"$248,529,788"
OriginTrail,OriginTrail,$0.4757,1.13%,1.97%,21.23%,"$237,639,068"
Holo,Holo,$0.001330,0.14%,14.93%,35.23%,"$232,835,841"
ORDI,ORDI,$11.09,3.02%,7.26%,49.14%,"$232,908,239"
Babylon,Babylon,$0.1007,1.94%,8.58%,14.79%,"$231,106,420"
SwissBorg,SwissBorg,$0.2338,0.27%,0.57%,15.15%,"$229,908,674"
SushiSwap,SushiSwap,$0.8575,1.70%,5.36%,39.17%,"$230,355,188"
Casper,Casper,$0.01731,0.01%,0.28%,25.25%,"$226,199,576"
EURC,EURC,$1.11,1.01%,1.39%,1.73%,"$225,378,442"
Goatseus Maximus,Goatseus Maximus,$0.2243,2.57%,55.62%,211.14%,"$224,334,670"
Official Melania Meme,Official Melania Meme,$0.4027,0.47%,2.38%,19.10%,"$221,499,929"
Ankr,Ankr,$0.02189,0.74%,4.02%,18.55%,"$218,958,293"
yearn.finance,yearn.finance,"$6,449.14",0.63%,2.54%,21.57%,"$218,064,548"
aixbt,aixbt,$0.2338,2.33%,18.35%,24.10%,"$216,102,391"
Ravencoin,Ravencoin,$0.01382,1.23%,6.13%,28.24%,"$209,322,007"
Siacoin,Siacoin,$0.003729,0.88%,2.75%,16.29%,"$208,929,496"
Drift,Drift,$0.6919,0.47%,1.04%,11.86%,"$207,760,579"
Kadena,Kadena,$0.6516,1.39%,1.81%,3.63%,"$206,303,001"
IoTeX,IoTeX,$0.02190,1.58%,4.08%,22.84%,"$206,813,351"
EthereumPoW,EthereumPoW,$1.90,1.70%,0.05%,18.66%,"$205,764,647"
OpenEden OpenDollar,OpenEden OpenDollar,$1.00,0.00%,0.27%,1.11%,"$206,325,470"
Legacy Token,Legacy Token,$1.94,0.50%,0.01%,1.91%,"$206,043,634"
UXLINK,UXLINK,$0.5007,0.91%,2.72%,11.98%,"$204,770,528"
Vana,Vana,$6.73,0.39%,4.36%,24.64%,"$202,611,053"
Space and Time,Space and Time,$0.1455,2.60%,11.55%,19.84%,"$203,750,662"
Osmosis,Osmosis,$0.2683,0.39%,3.34%,23.85%,"$194,988,269"
Initia,Initia,$1.29,3.73%,17.94%,83.27%,"$192,633,384"
Threshold,Threshold,$0.01910,1.80%,2.85%,12.54%,"$193,503,463"
DigiByte,DigiByte,$0.01086,0.21%,0.69%,20.14%,"$192,243,730"
Chia,Chia,$13.58,0.41%,3.50%,23.34%,"$189,676,990"
aelf,aelf,$0.2558,1.19%,1.38%,10.82%,"$189,250,153"
Neiro (First Neiro On Ethereum),Neiro (First Neiro On Ethereum),$0.0004469,0.33%,24.06%,106.05%,"$188,016,305"
Saros,Saros,$0.1619,1.73%,0.13%,23.20%,"$188,842,937"
GMT,GMT,$0.06506,0.52%,3.93%,22.70%,"$187,227,011"
WOO,WOO,$0.09732,0.99%,7.91%,33.68%,"$186,203,899"
Ailey,Ailey,$0.5452,0.11%,0.02%,0.51%,"$186,602,919"
Destra Network,Destra Network,$0.1912,0.65%,0.53%,48.16%,"$186,507,308"
COTI,COTI,$0.08857,1.18%,5.46%,20.90%,"$185,812,824"
XYO,XYO,$0.01374,0.30%,0.85%,10.81%,"$185,296,409"
Enjin Coin,Enjin Coin,$0.09835,1.67%,4.12%,30.63%,"$180,751,491"
Orca,Orca,$2.98,0.48%,4.35%,15.09%,"$179,218,597"
BOOK OF MEME,BOOK OF MEME,$0.002595,2.16%,27.13%,83.71%,"$178,888,198"
Hamster Kombat,Hamster Kombat,$0.002789,0.29%,3.44%,7.06%,"$179,580,300"
Pixels,Pixels,$0.06155,0.51%,15.04%,74.15%,"$178,118,485"
Elixir deUSD,Elixir deUSD,$1.00,0.01%,0.01%,0.07%,"$177,204,159"
Qubic,Qubic,$0.051512,1.16%,3.12%,9.98%,"$177,395,767"
NEM,NEM,$0.01960,1.33%,2.19%,1.49%,"$176,414,572"
Horizen,Horizen,$10.88,0.86%,3.04%,29.07%,"$174,307,536"
Magic Eden,Magic Eden,$1.16,0.73%,4.86%,19.90%,"$173,212,499"
Cetus Protocol,Cetus Protocol,$0.2361,4.54%,11.31%,22.81%,"$170,167,260"
io.net,io.net,$1.08,0.48%,7.25%,46.88%,"$170,502,811"
GoМining,GoМining,$0.4168,0.56%,0.10%,6.74%,"$170,316,202"
Solana Swap,Solana Swap,$0.1692,0.60%,6.16%,1.99%,"$169,281,554"
Loopring,Loopring,$0.1228,0.25%,3.19%,29.01%,"$167,934,066"
GMX,GMX,$16.44,1.84%,2.05%,22.32%,"$166,494,200"
Arkham,Arkham,$0.7332,1.39%,4.90%,39.06%,"$165,053,042"
Euler,Euler,$9.06,3.61%,0.52%,14.17%,"$165,599,560"
CoW Protocol,CoW Protocol,$0.3919,1.35%,5.02%,37.85%,"$164,447,058"
Polymesh,Polymesh,$0.1715,0.54%,4.45%,19.21%,"$164,143,993"
Subsquid,Subsquid,$0.2477,4.00%,4.97%,12.64%,"$162,855,355"
SKALE,SKALE,$0.02763,0.40%,3.34%,27.36%,"$162,574,452"
Ontology,Ontology,$0.1774,2.03%,5.85%,24.49%,"$162,149,329"
48 Club Token,48 Club Token,$47.94,0.11%,1.50%,1.86%,"$162,436,098"
Big Time,Big Time,$0.08484,0.19%,4.55%,19.10%,"$160,046,079"
WEMIX,WEMIX,$0.3800,1.09%,1.21%,3.06%,"$159,965,879"
Gravity (by Galxe),Gravity (by Galxe),$0.01697,0.83%,2.74%,17.16%,"$159,253,155"
SwftCoin,SwftCoin,$0.01593,4.68%,3.33%,19.97%,"$159,322,825"
Terra,Terra,$0.2227,0.31%,3.45%,29.29%,"$158,177,137"
Solar,Solar,$0.2503,2.47%,10.98%,29.37%,"$160,938,016"
Band Protocol,Band Protocol,$0.9734,1.08%,5.21%,26.67%,"$156,521,206"
Waves,Waves,$1.33,1.01%,6.15%,14.97%,"$156,673,077"
ZIGChain,ZIGChain,$0.1101,1.88%,0.11%,35.73%,"$155,141,462"
Freysa,Freysa,$0.01900,1.37%,0.96%,23.72%,"$155,629,259"
Metaplex,Metaplex,$0.2048,0.89%,2.53%,1.34%,"$154,832,322"
Echelon Prime,Echelon Prime,$4.28,5.08%,15.42%,42.29%,"$153,245,415"
Rollbit Coin,Rollbit Coin,$0.07108,0.24%,0.13%,9.27%,"$149,959,801"
PAAL AI,PAAL AI,$0.1686,0.19%,7.34%,25.79%,"$149,496,613"
Diverge Loop,Diverge Loop,$0.1669,0.14%,0.83%,3.66%,"$148,549,492"
Hivemapper,Hivemapper,$0.03374,3.43%,2.62%,30.19%,"$145,410,256"
Metis,Metis,$22.72,2.54%,0.99%,52.10%,"$144,926,661"
Xai,Xai,$0.1015,0.08%,24.00%,87.92%,"$144,278,810"
Biconomy,Biconomy,$0.1509,0.92%,4.17%,28.85%,"$143,448,278"
Usual,Usual,$0.1651,0.32%,5.53%,36.15%,"$143,203,566"
LCX,LCX,$0.1519,2.50%,3.08%,6.62%,"$143,164,545"
Storj,Storj,$0.3418,0.53%,4.52%,21.05%,"$141,533,649"
Mask Network,Mask Network,$1.41,0.28%,0.73%,25.91%,"$141,299,762"
STP,STP,$0.07224,1.04%,0.54%,9.19%,"$140,329,125"
STASIS EURO,STASIS EURO,$1.11,0.25%,0.94%,1.12%,"$138,349,264"
Flux,Flux,$0.3599,1.40%,1.16%,31.61%,"$138,334,805"
Zebec Network,Zebec Network,$0.001792,5.52%,1.81%,11.03%,"$137,970,143"
peaq,peaq,$0.1778,2.94%,20.75%,42.24%,"$138,044,306"
Clearpool,Clearpool,$0.1788,2.08%,7.74%,35.51%,"$137,764,275"
Non-Playable Coin,Non-Playable Coin,$0.01858,4.55%,6.10%,23.63%,"$137,702,136"
Aevo,Aevo,$0.1514,0.30%,7.62%,46.41%,"$136,756,619"
Rocket Pool,Rocket Pool,$6.35,0.12%,2.84%,52.21%,"$135,931,274"
World Mobile Token,World Mobile Token,$0.1923,1.52%,1.52%,7.77%,"$135,206,918"
Hive,Hive,$0.2672,0.59%,2.77%,9.43%,"$133,812,871"
Manta Network,Manta Network,$0.3232,1.89%,7.11%,50.70%,"$133,383,905"
Bio Protocol,Bio Protocol,$0.09162,4.40%,7.32%,52.28%,"$131,330,620"
Nano,Nano,$1.04,4.11%,2.03%,16.12%,"$139,007,462"
GOHOME,GOHOME,$263.87,0.32%,0.46%,5.89%,"$131,908,626"
Illuvium,Illuvium,$17.31,1.04%,4.73%,20.34%,"$131,769,412"
Altlayer,Altlayer,$0.03999,1.95%,7.70%,42.69%,"$130,941,484"
Memecoin,Memecoin,$0.002870,0.03%,6.79%,50.60%,"$130,509,552"
Venice Token,Venice Token,$4.36,1.11%,10.66%,12.21%,"$130,577,551"
RedStone,RedStone,$0.4649,1.12%,6.16%,23.48%,"$130,189,789"
Staika,Staika,$1.08,2.46%,6.46%,4.37%,"$129,164,165"
B3 (Base),B3 (Base),$0.006045,0.87%,1.51%,20.58%,"$128,734,629"
Zano,Zano,$9.50,1.02%,6.34%,15.11%,"$127,680,423"
Request,Request,$0.1504,0.62%,0.11%,12.74%,"$126,986,761"
Alchemist AI,Alchemist AI,$0.1480,2.18%,3.08%,18.07%,"$125,828,678"
Dymension,Dymension,$0.4352,0.57%,3.71%,51.11%,"$125,177,079"
Osaka Protocol,Osaka Protocol,$0.061653,3.17%,5.14%,30.78%,"$124,181,053"
Pundi X (New),Pundi X (New),$0.4807,0.97%,2.35%,14.96%,"$124,220,926"
Yield Guild Games,Yield Guild Games,$0.2411,0.96%,4.14%,29.64%,"$123,696,642"
Constellation,Constellation,$0.04301,0.61%,1.56%,9.41%,"$123,602,826"
Aster USDF,Aster USDF,$0.9983,0.01%,0.11%,0.02%,"$123,232,207"
DOGS,DOGS,$0.0002372,0.15%,12.41%,63.39%,"$122,585,397"
ssv.network,ssv.network,$9.94,0.46%,1.12%,66.81%,"$123,014,374"
ConstitutionDAO,ConstitutionDAO,$0.02404,1.44%,17.65%,72.23%,"$121,665,417"
Across Protocol,Across Protocol,$0.2748,0.71%,6.35%,35.13%,"$120,357,884"
UMA,UMA,$1.38,0.26%,4.71%,22.44%,"$119,804,273"
VVS Finance,VVS Finance,$0.052483,2.31%,2.70%,12.87%,"$120,028,192"
KUB Coin,KUB Coin,$1.73,2.13%,0.43%,19.15%,"$119,851,073"
Mythos,Mythos,$0.1405,2.23%,0.62%,7.79%,"$119,815,131"
AI Companions,AI Companions,$0.1596,3.27%,4.24%,8.67%,"$119,728,577"
ICON,ICON,$0.1123,1.35%,4.05%,15.53%,"$119,559,980"
Lift Dollar,Lift Dollar,$1.00,0.00%,0.01%,0.05%,"$119,427,858"
WAX,WAX,$0.02718,1.34%,4.35%,17.43%,"$119,096,402"
ChainGPT,ChainGPT,$0.1445,0.38%,12.30%,24.40%,"$118,926,552"
Venus,Venus,$7.13,2.07%,3.94%,24.27%,"$118,396,332"
Animecoin,Animecoin,$0.02137,1.11%,2.62%,14.77%,"$118,380,226"
Orbler,Orbler,$0.1166,0.50%,1.73%,0.56%,"$118,425,398"
Civic,Civic,$0.1165,1.29%,1.86%,11.17%,"$116,571,658"
SATS (Ordinals),SATS (Ordinals),$0.075519,1.40%,6.86%,35.43%,"$115,907,130"
Humans.ai,Humans.ai,$0.01492,0.88%,13.26%,38.31%,"$116,401,595"
Powerledger,Powerledger,$0.2034,0.79%,3.41%,19.07%,"$115,479,081"
Hey Anon,Hey Anon,$8.74,9.30%,19.99%,87.15%,"$115,871,104"
Phala Network,Phala Network,$0.1438,1.20%,5.84%,32.39%,"$114,218,247"
siren,siren,$0.1561,0.56%,15.24%,82.27%,"$114,272,394"
Venom,Venom,$0.1151,0.27%,0.07%,13.03%,"$113,908,604"
Kamino Finance,Kamino Finance,$0.07849,1.31%,3.92%,7.62%,"$112,471,828"
Neiro Ethereum,Neiro Ethereum,$0.1128,0.04%,3.94%,89.10%,"$112,813,521"
Verge,Verge,$0.006786,2.44%,12.05%,42.53%,"$112,126,509"
Velo,Velo,$0.01513,1.22%,3.00%,21.81%,"$111,878,267"
Stratis [New],Stratis [New],$0.05694,0.49%,4.35%,3.70%,"$111,784,533"
Fwog (SOL),Fwog (SOL),$0.1121,0.88%,59.22%,153.60%,"$109,390,139"
Saga,Saga,$0.4459,1.78%,7.58%,63.05%,"$109,576,380"
Blast,Blast,$0.003817,0.77%,2.89%,13.67%,"$109,020,187"
Audius,Audius,$0.08230,1.14%,2.53%,15.19%,"$108,781,877"
Omni Network,Omni Network,$3.14,1.57%,7.10%,48.10%,"$108,485,421"
Arcblock,Arcblock,$1.10,1.99%,1.39%,6.66%,"$108,635,658"
Nillion,Nillion,$0.5480,3.16%,13.22%,46.34%,"$106,951,489"
Spell Token,Spell Token,$0.0006665,0.19%,3.72%,19.55%,"$107,468,977"
Lisk,Lisk,$0.5843,1.11%,4.95%,16.78%,"$107,103,020"
Sign,Sign,$0.08939,0.01%,5.25%,9.48%,"$107,273,908"
XPR Network,XPR Network,$0.003892,0.60%,1.54%,7.74%,"$107,100,983"
IOST,IOST,$0.004408,0.62%,3.57%,19.24%,"$106,995,630"
Ardor,Ardor,$0.1065,0.77%,4.22%,6.34%,"$106,419,191"
Ponke,Ponke,$0.1895,0.73%,22.44%,84.07%,"$105,304,422"
Apu Apustaja,Apu Apustaja,$0.0003111,6.52%,4.11%,82.73%,"$105,132,910"
BORA,BORA,$0.09517,0.42%,0.29%,4.26%,"$104,666,505"
Solana Name Service,Solana Name Service,$0.1059,1.07%,37.51%,37.56%,"$105,026,252"
Just a chill guy,Just a chill guy,$0.1038,0.05%,38.26%,107.54%,"$103,857,636"
Cookie DAO,Cookie DAO,$0.2016,1.27%,13.56%,22.66%,"$103,677,590"
GRIFFAIN,GRIFFAIN,$0.1021,6.25%,24.59%,62.49%,"$102,184,023"
CARV,CARV,$0.3977,0.47%,1.06%,15.48%,"$103,754,549"
AVA,AVA,$0.09946,2.77%,9.75%,15.39%,"$99,463,684"
Sologenic,Sologenic,$0.2550,0.38%,4.08%,23.61%,"$101,717,962"
Prom,Prom,$5.57,0.83%,0.49%,2.31%,"$101,734,487"
Banana Gun,Banana Gun,$25.50,2.87%,5.18%,38.80%,"$101,555,488"
AI Rig Complex,AI Rig Complex,$0.1009,7.52%,20.32%,71.37%,"$100,944,272"
Moonbeam,Moonbeam,$0.1029,1.65%,6.16%,32.15%,"$100,676,721"
iExec RLC,iExec RLC,$1.38,0.96%,3.52%,22.23%,"$100,427,021"
Dent,Dent,$0.001000,1.54%,4.91%,30.14%,"$100,033,969"
Delysium,Delysium,$0.07457,0.34%,1.68%,20.35%,"$99,223,744"
Chromia,Chromia,$0.1184,2.81%,7.86%,41.82%,"$99,796,771"
Solidus Ai Tech,Solidus Ai Tech,$0.06379,0.16%,2.46%,55.71%,"$99,183,068"
IQ,IQ,$0.004584,0.71%,1.61%,11.25%,"$99,115,060"
Tellor,Tellor,$36.95,0.25%,3.50%,32.06%,"$98,414,541"
Status,Status,$0.02458,0.56%,2.73%,12.04%,"$98,224,419"
Neutron,Neutron,$0.1678,1.00%,6.35%,34.27%,"$97,700,417"
Ontology Gas,Ontology Gas,$0.2369,1.91%,5.29%,18.51%,"$98,065,649"
MVL,MVL,$0.003675,0.32%,0.51%,8.27%,"$97,776,470"
ANDY (ETH),ANDY (ETH),$0.00009557,4.70%,6.50%,27.96%,"$95,573,599"
Morphware,Morphware,$0.1152,4.32%,1.15%,4.00%,"$94,914,769"
JOE,JOE,$0.2367,1.21%,7.97%,27.82%,"$94,241,779"
PinLink,PinLink,$1.06,2.64%,6.42%,54.01%,"$93,820,248"
BLOCKv,BLOCKv,$0.02568,2.55%,3.16%,7.20%,"$93,640,147"
SUPRA,SUPRA,$0.006881,1.32%,3.29%,8.48%,"$92,865,843"
Tokenlon Network Token,Tokenlon Network Token,$0.7676,1.18%,1.39%,14.35%,"$92,680,055"
0x0.ai,0x0.ai,$0.1067,2.10%,11.12%,41.70%,"$92,683,608"
Aleo,Aleo,$0.2546,0.30%,1.84%,6.80%,"$92,575,095"
Celer Network,Celer Network,$0.01183,0.35%,4.74%,26.85%,"$92,082,739"
HarryPotterObamaSonic10Inu (ERC-20),HarryPotterObamaSonic10Inu (ERC-20),$0.09180,0.91%,7.77%,59.05%,"$91,783,338"
BounceBit,BounceBit,$0.1744,1.43%,5.86%,50.36%,"$91,240,192"
Liquity,Liquity,$0.9616,3.13%,4.05%,44.98%,"$91,266,325"
Radix,Radix,$0.008468,2.53%,6.65%,1.54%,"$90,940,165"
BitMart Token,BitMart Token,$0.2765,0.95%,0.60%,7.40%,"$90,255,294"
Marlin,Marlin,$0.01091,0.71%,2.24%,16.68%,"$89,387,339"
Centrifuge,Centrifuge,$0.1697,0.15%,3.17%,20.30%,"$89,145,975"
Global Commercial Business,Global Commercial Business,$0.07271,1.83%,4.72%,6.63%,"$87,394,735"
Orbs,Orbs,$0.02224,0.73%,2.46%,7.98%,"$88,762,056"
Keep Network,Keep Network,$0.09038,0.34%,0.84%,9.48%,"$87,475,180"
WalletConnect Token,WalletConnect Token,$0.4698,0.05%,4.04%,22.89%,"$87,477,223"
dKargo,dKargo,$0.01851,0.00%,0.36%,6.23%,"$86,760,865"
Dogelon Mars,Dogelon Mars,$0.061571,0.80%,6.88%,22.86%,"$86,398,975"
Particle Network,Particle Network,$0.3718,1.65%,7.19%,60.80%,"$86,644,156"
ArchLoot,ArchLoot,$0.1245,0.26%,4.01%,7.15%,"$86,253,724"
REVOX,REVOX,$0.04402,0.10%,3.24%,64.32%,"$85,840,116"
Wilder World,Wilder World,$0.2153,1.65%,0.66%,43.62%,"$85,574,056"
Nexusmind,Nexusmind,$8.36,0.21%,0.96%,10.35%,"$85,707,438"
Vanar Chain,Vanar Chain,$0.04425,0.87%,7.33%,52.77%,"$85,676,780"
Propy,Propy,$0.8507,1.87%,4.16%,14.52%,"$85,078,491"
Smooth Love Potion,Smooth Love Potion,$0.002046,2.45%,5.86%,28.15%,"$84,172,258"
Secret,Secret,$0.2753,1.78%,15.80%,12.44%,"$84,679,243"
Ark,Ark,$0.4468,0.16%,2.23%,5.80%,"$84,267,811"
Adventure Gold,Adventure Gold,$1.07,0.38%,1.57%,12.67%,"$83,010,936"
Taiko,Taiko,$0.8042,0.65%,0.83%,21.54%,"$82,968,601"
MiL.k,MiL.k,$0.1806,0.48%,0.06%,7.39%,"$82,787,283"
Ski Mask Dog,Ski Mask Dog,$0.08374,2.58%,6.48%,69.30%,"$82,859,850"
Bone ShibaSwap,Bone ShibaSwap,$0.3588,2.50%,1.14%,19.19%,"$82,516,943"
Steem,Steem,$0.1611,0.39%,2.39%,11.52%,"$82,574,315"
H2O DAO,H2O DAO,$0.09999,0.01%,0.01%,9.87%,"$82,491,978"
API3,API3,$0.9483,1.09%,3.60%,29.14%,"$81,954,455"
Simon's Cat,Simon's Cat,$0.00001201,1.39%,12.48%,91.28%,"$81,094,777"
TARS AI,TARS AI,$0.1170,1.83%,7.38%,40.25%,"$80,935,148"
Bounce Token,Bounce Token,$13.25,0.87%,0.51%,16.96%,"$80,729,351"
Bancor,Bancor,$0.6991,2.29%,8.06%,51.08%,"$80,538,100"
USDB,USDB,$1.00,0.14%,1.05%,0.03%,"$80,669,609"
IAGON,IAGON,$0.2142,1.98%,10.92%,21.00%,"$80,547,108"
Scroll,Scroll,$0.4228,2.40%,0.95%,45.36%,"$80,348,911"
TerraClassicUSD,TerraClassicUSD,$0.01431,0.21%,3.43%,17.16%,"$80,119,744"
Goldfinch,Goldfinch,$0.9985,0.95%,3.95%,17.70%,"$79,442,872"
Moonriver,Moonriver,$8.24,0.85%,3.19%,34.62%,"$78,841,208"
Kyber Network Crystal v2,Kyber Network Crystal v2,$0.4194,1.24%,4.25%,19.51%,"$78,406,622"
Metal DAO,Metal DAO,$0.9221,0.52%,2.03%,15.31%,"$78,060,121"
Frax USD,Frax USD,$1.00,0.02%,0.01%,0.03%,"$77,705,128"
SUNDOG,SUNDOG,$0.07652,1.97%,15.92%,64.50%,"$76,330,835"
Numeraire,Numeraire,$9.58,1.09%,0.44%,12.42%,"$76,997,129"
X Empire,X Empire,$0.0001119,0.11%,12.07%,55.20%,"$77,219,681"
Symbol,Symbol,$0.01252,0.66%,5.52%,18.60%,"$77,039,775"
GEODNET,GEODNET,$0.2427,0.16%,0.73%,4.65%,"$76,976,542"
Paycoin,Paycoin,$0.07309,0.53%,1.14%,4.66%,"$76,807,989"
Aergo,Aergo,$0.1606,0.08%,1.72%,5.58%,"$76,691,994"
MediBloc,MediBloc,$0.007588,0.20%,0.63%,4.86%,"$76,491,040"
Zentry,Zentry,$0.01143,1.16%,5.86%,15.04%,"$75,227,388"
Balancer,Balancer,$1.18,1.27%,2.51%,13.17%,"$74,979,989"
Tensor,Tensor,$0.1977,3.62%,13.01%,49.46%,"$75,417,180"
Avail,Avail,$0.03640,1.68%,0.31%,10.80%,"$74,983,271"
HashAI,HashAI,$0.0008827,4.18%,33.36%,203.73%,"$74,646,147"
Zircuit,Zircuit,$0.04980,0.40%,0.94%,26.40%,"$74,296,131"
MyShell,MyShell,$0.2670,0.70%,11.41%,45.47%,"$74,689,931"
Sleepless AI,Sleepless AI,$0.2248,0.27%,11.99%,49.91%,"$74,289,964"
Open Campus,Open Campus,$0.1802,1.95%,7.11%,37.90%,"$74,028,134"
AI Analysis Token,AI Analysis Token,$0.5077,1.01%,4.00%,5.45%,"$74,327,917"
Fuel Network,Fuel Network,$0.01528,0.82%,5.85%,39.18%,"$73,635,135"
Orchid,Orchid,$0.07440,0.79%,2.40%,8.55%,"$73,087,438"
Cartesi,Cartesi,$0.08343,1.23%,7.20%,33.77%,"$72,506,448"
Ergo,Ergo,$0.8942,1.39%,0.74%,23.86%,"$72,197,049"
Acet,Acet,$0.05672,0.29%,6.87%,6.15%,"$71,367,294"
Pax Dollar,Pax Dollar,$0.9990,0.02%,0.03%,0.04%,"$71,254,463"
Coin98,Coin98,$0.07478,0.63%,4.59%,31.83%,"$71,075,871"
Ethena Labs (USDTb),Ethena Labs (USDTb),$1.00,0.03%,0.00%,0.00%,"$70,436,799"
Act I : The AI Prophecy,Act I : The AI Prophecy,$0.07401,0.22%,27.23%,41.11%,"$70,183,668"
Comedian,Comedian,$0.07004,0.87%,0.64%,55.38%,"$70,038,692"
Dohrnii,Dohrnii,$4.08,0.18%,2.00%,8.27%,"$69,800,876"
Braintrust,Braintrust,$0.2877,0.69%,0.27%,2.99%,"$69,454,970"
GameBuild,GameBuild,$0.003900,0.40%,0.38%,8.78%,"$68,424,750"
Wrapped ONUS,Wrapped ONUS,$0.7011,4.29%,4.65%,13.61%,"$67,242,103"
Shuffle,Shuffle,$0.2311,3.24%,1.08%,4.46%,"$66,204,377"
BENQI,BENQI,$0.009765,1.68%,3.15%,23.37%,"$65,686,864"
Landwolf 0x67,Landwolf 0x67,$0.00007287,3.65%,4.47%,19.53%,"$65,747,841"
Oasys,Oasys,$0.01583,0.45%,0.28%,9.12%,"$65,605,843"
Velodrome Finance,Velodrome Finance,$0.07158,0.69%,3.13%,49.22%,"$65,514,490"
DIA,DIA,$0.5416,0.55%,3.18%,3.61%,"$64,825,409"
Treasure,Treasure,$0.1962,0.23%,3.82%,14.00%,"$64,826,647"
Cyber,Cyber,$1.61,0.39%,2.03%,33.26%,"$64,218,109"
TrueFi,TrueFi,$0.04980,1.13%,7.02%,31.66%,"$64,023,570"
lisUSD,lisUSD,$0.9982,0.00%,0.05%,0.08%,"$63,324,146"
Access Protocol,Access Protocol,$0.001535,0.18%,0.72%,0.19%,"$63,192,010"
SuperRare,SuperRare,$0.07565,1.35%,5.70%,25.37%,"$63,151,578"
Housecoin,Housecoin,$0.06144,2.51%,13.89%,16.46%,"$61,371,004"
WINkLink,WINkLink,$0.00006292,0.75%,4.00%,19.04%,"$62,526,356"
ANyONe Protocol,ANyONe Protocol,$0.6408,3.75%,4.46%,62.58%,"$62,478,319"
Solv Protocol,Solv Protocol,$0.04180,0.86%,1.85%,8.93%,"$61,973,338"
Merlin Chain,Merlin Chain,$0.1178,0.95%,5.66%,26.96%,"$61,853,788"
BitDCA,BitDCA,$0.8320,0.25%,2.82%,2.05%,"$62,209,545"
PepeCoin,PepeCoin,$0.5803,5.17%,5.09%,27.19%,"$62,131,994"
ApeX Protocol,ApeX Protocol,$0.6678,0.14%,11.90%,17.71%,"$61,987,647"
Vine Coin,Vine Coin,$0.06169,1.78%,13.72%,61.04%,"$61,695,257"
Keyboard Cat,Keyboard Cat,$0.006167,5.50%,35.76%,115.70%,"$61,670,846"
Degen,Degen,$0.004312,0.67%,10.10%,49.24%,"$61,146,404"
Aurora,Aurora,$0.1004,1.98%,1.62%,11.78%,"$60,367,658"
Rootstock Infrastructure Framework,Rootstock Infrastructure Framework,$0.06038,2.46%,7.13%,36.21%,"$60,383,067"
Venus BUSD,Venus BUSD,$0.02229,0.05%,0.03%,0.00%,"$60,089,875"
Anchored Coins AEUR,Anchored Coins AEUR,$1.05,0.03%,0.10%,1.46%,"$60,015,996"
Vulcan Forged (PYR),Vulcan Forged (PYR),$1.38,0.01%,5.55%,28.53%,"$59,819,648"
Devve,Devve,$0.6659,2.63%,0.50%,7.76%,"$59,972,786"
Roam,Roam,$0.2056,1.68%,4.37%,17.94%,"$60,047,679"
Shentu,Shentu,$0.4058,0.52%,2.85%,5.32%,"$59,209,173"
QuarkChain,QuarkChain,$0.008249,0.61%,2.89%,9.48%,"$58,734,633"
FUNToken,FUNToken,$0.005425,1.05%,5.67%,16.70%,"$58,829,920"
Hosico,Hosico,$0.05578,1.85%,29.15%,91.60%,"$55,780,206"
Realio Network,Realio Network,$0.3449,3.29%,3.75%,40.73%,"$58,301,131"
Highstreet,Highstreet,$0.7937,0.71%,6.33%,24.19%,"$58,170,203"
Test,Test,$0.06133,0.26%,2.04%,9.34%,"$58,106,377"
Stronghold SHx,Stronghold SHx,$0.009972,1.60%,0.82%,23.95%,"$57,780,828"
BUSD,BUSD,$0.9995,0.07%,0.02%,0.01%,"$57,764,133"
Coq Inu,Coq Inu,$0.068310,4.50%,16.65%,43.38%,"$57,690,674"
BugsCoin,BugsCoin,$0.009469,1.37%,4.93%,4.46%,"$57,524,543"
AO,AO,$16.19,1.02%,1.16%,22.94%,"$56,946,470"
ECOMI,ECOMI,$0.0002089,0.21%,0.26%,8.77%,"$57,453,923"
Unicorn Fart Dust,Unicorn Fart Dust,$0.05602,4.38%,42.63%,132.58%,"$56,022,749"
Autonolas,Autonolas,$0.3172,1.55%,0.79%,25.65%,"$56,266,276"
Coreum,Coreum,$0.1463,0.00%,3.40%,3.58%,"$56,329,443"
MyNeighborAlice,MyNeighborAlice,$0.5580,0.23%,5.38%,31.95%,"$55,800,545"
Zerebro,Zerebro,$0.05450,2.50%,20.67%,25.06%,"$54,503,754"
doginme,doginme,$0.0008210,0.40%,25.63%,75.89%,"$55,519,634"
NeuralAI,NeuralAI,$5.39,0.58%,4.91%,71.57%,"$53,922,515"
New XAI gork,New XAI gork,$0.05389,0.44%,10.81%,16.99%,"$53,892,060"
Hippocrat,Hippocrat,$0.05029,0.60%,2.32%,2.68%,"$54,559,101"
dYdX (ethDYDX),dYdX (ethDYDX),$0.7291,0.40%,2.68%,22.90%,"$54,153,673"
Doodles,Doodles,$0.006978,3.69%,6.01%,46.91%,"$54,434,376"
Cobak Token,Cobak Token,$0.5752,0.71%,1.57%,6.47%,"$53,791,596"
Banana For Scale,Banana For Scale,$0.005328,1.96%,8.52%,14.93%,"$53,287,496"
ISLM,ISLM,$0.02954,0.04%,2.14%,4.17%,"$53,408,723"
Gemini Dollar,Gemini Dollar,$0.9997,0.02%,0.01%,0.03%,"$53,185,381"
Tokamak Network,Tokamak Network,$1.20,0.08%,0.30%,3.58%,"$53,016,485"
Node AI,Node AI,$0.5508,2.48%,14.06%,69.20%,"$52,919,720"
Mubarak,Mubarak,$0.05304,1.28%,20.52%,76.57%,"$53,042,064"
Synapse,Synapse,$0.2843,1.17%,6.23%,12.67%,"$52,522,189"
Oraichain,Oraichain,$3.77,0.16%,0.34%,14.94%,"$52,122,342"
Syscoin,Syscoin,$0.06472,1.26%,6.09%,35.84%,"$52,691,531"
RSS3,RSS3,$0.06761,0.51%,6.96%,16.99%,"$52,682,221"
SLERF,SLERF,$0.1026,2.75%,16.75%,52.99%,"$51,308,322"
DeFi Pulse Index,DeFi Pulse Index,$93.50,1.55%,3.26%,31.44%,"$52,268,813"
Artificial Liquid Intelligence,Artificial Liquid Intelligence,$0.006393,1.59%,1.93%,5.72%,"$52,357,615"
Kujira,Kujira,$0.4265,1.52%,3.28%,25.39%,"$52,186,986"
Parcl,Parcl,$0.1261,4.03%,9.76%,32.17%,"$52,016,043"
Seedify.fund,Seedify.fund,$0.7703,1.40%,1.58%,19.60%,"$51,984,831"
SmarDex,SmarDex,$0.005601,0.20%,2.87%,20.80%,"$51,212,479"
HashKey Platform Token,HashKey Platform Token,$0.3860,1.41%,2.31%,8.47%,"$51,148,226"
dForce,dForce,$0.05076,0.33%,0.46%,11.67%,"$50,765,220"
Nakamoto Games,Nakamoto Games,$0.4793,4.55%,0.92%,20.27%,"$50,697,147"
Dusk,Dusk,$0.1046,0.37%,6.16%,34.62%,"$50,666,526"
Gains Network,Gains Network,$1.67,2.15%,3.72%,21.48%,"$50,274,183"
Origin Protocol,Origin Protocol,$0.07219,1.28%,0.05%,26.57%,"$50,005,075"
SpaceN,SpaceN,$1.25,0.10%,0.97%,10.24%,"$50,137,296"
Mr Miggles,Mr Miggles,$0.05211,4.55%,12.62%,64.56%,"$49,896,099"
Alephium,Alephium,$0.4516,1.81%,1.67%,34.09%,"$49,627,794"
GUNZ,GUNZ,$0.06320,3.42%,12.89%,19.95%,"$49,795,831"
Fusionist,Fusionist,$0.7880,0.25%,9.21%,28.24%,"$49,227,158"
AVA (Travala),AVA (Travala),$0.7132,0.52%,5.07%,21.54%,"$49,091,530"
Hashflow,Hashflow,$0.08596,0.45%,2.25%,39.93%,"$49,015,375"
Rekt (rektcoin.com),Rekt (rektcoin.com),$0.061939,1.62%,0.04%,82.48%,"$49,606,585"
Nosana,Nosana,$1.00,0.36%,5.25%,24.68%,"$48,565,457"
Eurite,Eurite,$1.11,0.99%,1.33%,1.76%,"$48,360,381"
Pups (Bitcoin),Pups (Bitcoin),$0.04934,3.33%,65.23%,188.58%,"$47,785,934"
StormX,StormX,$0.003913,0.37%,0.87%,8.34%,"$48,333,044"
Milady Meme Coin,Milady Meme Coin,$0.076580,2.16%,9.47%,45.24%,"$48,327,317"
Concordium,Concordium,$0.004172,0.14%,2.01%,5.00%,"$48,048,633"
VaderAI by Virtuals,VaderAI by Virtuals,$0.04783,0.85%,2.96%,47.83%,"$47,682,201"
Purple Pepe,Purple Pepe,$0.0001139,0.19%,2.30%,157.52%,"$47,556,838"
Maverick Protocol,Maverick Protocol,$0.08004,0.08%,6.80%,43.86%,"$47,740,535"
MESSIER,MESSIER,$0.00005413,2.64%,1.38%,26.48%,"$47,897,875"
BIM,BIM,$1.57,1.37%,2.71%,39.86%,"$47,285,796"
LOFI,LOFI,$0.04761,3.04%,2.91%,49.24%,"$47,619,407"
ResearchCoin,ResearchCoin,$0.5002,2.02%,9.32%,78.65%,"$47,633,677"
MovieBloc,MovieBloc,$0.002560,0.70%,1.37%,8.18%,"$47,339,972"
Bifrost,Bifrost,$0.03403,0.14%,5.36%,14.51%,"$47,195,781"
NFPrompt,NFPrompt,$0.1069,0.86%,8.97%,47.82%,"$47,260,155"
Lumia,Lumia,$0.4037,0.56%,7.06%,36.91%,"$46,973,770"
Wen,Wen,$0.00006456,2.04%,18.04%,76.47%,"$46,983,855"
EUR CoinVertible,EUR CoinVertible,$1.12,0.00%,0.00%,0.00%,"$46,842,991"
Decentralized Social,Decentralized Social,$5.25,0.65%,3.56%,12.95%,"$46,704,760"
Stargate Finance,Stargate Finance,$0.2273,0.58%,1.44%,14.70%,"$46,447,545"
Catizen,Catizen,$0.1420,0.64%,40.60%,57.51%,"$46,273,451"
pippin,pippin,$0.04624,6.14%,87.81%,149.35%,"$46,240,648"
Ancient8,Ancient8,$0.1609,1.70%,5.80%,10.60%,"$46,316,047"
Avalon Labs (AVL),Avalon Labs (AVL),$0.2845,0.70%,2.35%,17.97%,"$46,007,546"
Helium Mobile,Helium Mobile,$0.0005154,0.76%,2.39%,4.99%,"$46,015,823"
Wojak,Wojak,$0.0006623,0.51%,18.65%,98.50%,"$45,967,033"
PolySwarm,PolySwarm,$0.02423,0.45%,9.41%,20.66%,"$45,702,188"
Sui Name Service,Sui Name Service,$0.2511,0.67%,6.41%,15.98%,"$45,656,607"
Locus Chain,Locus Chain,$0.02200,0.49%,1.40%,9.38%,"$45,794,581"
SKYAI,SKYAI,$0.04554,1.00%,3.01%,31.43%,"$45,549,957"
DODO,DODO,$0.06209,0.86%,4.73%,37.42%,"$45,062,293"
Broccoli 714,Broccoli 714,$0.04475,0.75%,22.77%,45.60%,"$44,757,152"
MetFi,MetFi,$0.2137,0.19%,4.81%,20.77%,"$45,191,995"
CoinEx Token,CoinEx Token,$0.06372,0.60%,0.35%,3.43%,"$45,158,362"
Gods Unchained,Gods Unchained,$0.1218,2.41%,5.90%,6.31%,"$44,914,594"
ZEON,ZEON,$0.001477,0.03%,0.99%,0.78%,"$45,109,076"
Ampleforth Governance Token,Ampleforth Governance Token,$3.11,0.63%,3.73%,10.27%,"$44,744,535"
StraitsX USD,StraitsX USD,$1.00,0.03%,0.00%,0.02%,"$44,962,389"
Renzo,Renzo,$0.01747,3.14%,1.67%,38.21%,"$44,301,196"
Metacraft,Metacraft,$0.8487,0.22%,3.13%,17.26%,"$44,694,988"
BakeryToken,BakeryToken,$0.1522,0.86%,4.11%,29.57%,"$44,121,082"
tao.bot,tao.bot,$0.5798,6.10%,25.27%,117.70%,"$44,457,225"
Swarms,Swarms,$0.04379,1.94%,35.26%,50.07%,"$43,793,041"
Acala Token,Acala Token,$0.03791,1.94%,7.79%,22.21%,"$44,232,362"
Fartboy,Fartboy,$0.04408,0.65%,13.67%,69.20%,"$44,062,067"
Tornado Cash,Tornado Cash,$8.28,1.15%,4.46%,0.17%,"$43,547,127"
Radworks,Radworks,$0.8439,0.88%,0.76%,12.78%,"$43,528,686"
GoPlus Security,GoPlus Security,$0.02647,0.03%,8.90%,36.77%,"$43,313,599"
Bitcoin Wizards,Bitcoin Wizards,$2.06,0.01%,0.07%,0.02%,"$43,449,864"
MARBLEX,MARBLEX,$0.2082,0.90%,2.28%,12.67%,"$43,396,576"
ViciCoin,ViciCoin,$18.99,0.42%,0.58%,0.15%,"$43,306,481"
BOBO,BOBO,$0.066544,11.79%,8.02%,95.95%,"$43,278,436"
Ice Open Network,Ice Open Network,$0.006492,0.51%,2.05%,7.88%,"$42,951,519"
Forta,Forta,$0.07508,1.58%,3.42%,3.21%,"$42,857,973"
GameStop (gamestop-coin.vip),GameStop (gamestop-coin.vip),$0.0001039,1.06%,16.81%,99.88%,"$42,750,963"
ARPA,ARPA,$0.02778,1.66%,0.65%,15.12%,"$42,221,123"
Metadium,Metadium,$0.02474,0.09%,1.37%,5.29%,"$42,337,883"
Strike,Strike,$7.63,1.17%,1.25%,4.43%,"$42,421,708"
Phoenix,Phoenix,$0.7480,2.09%,7.28%,33.37%,"$41,761,552"
Liquity USD,Liquity USD,$1.00,1.70%,0.38%,0.48%,"$42,230,184"
EscoinToken,EscoinToken,$0.2670,0.96%,0.17%,2.25%,"$41,969,128"
Lista DAO,Lista DAO,$0.2204,1.92%,9.55%,35.09%,"$41,704,465"
Automata Network,Automata Network,$0.07049,0.99%,5.94%,32.40%,"$41,433,608"
OpenServ,OpenServ,$0.06229,4.39%,11.23%,51.27%,"$41,884,511"
Mansory,Mansory,$0.04644,5.53%,8.61%,24.97%,"$41,801,020"
Pangolin,Pangolin,$0.1900,3.76%,5.96%,38.69%,"$41,885,396"
Telos,Telos,$0.09374,1.20%,6.41%,11.21%,"$41,619,957"
Gearbox Protocol,Gearbox Protocol,$0.004134,1.90%,3.84%,15.09%,"$41,342,597"
Seraph,Seraph,$0.2038,0.10%,3.45%,15.14%,"$41,370,207"
MOBOX,MOBOX,$0.08090,2.25%,14.19%,47.53%,"$40,479,425"
Tether EURt,Tether EURt,$1.10,0.27%,0.73%,0.78%,"$40,265,307"
Dego Finance,Dego Finance,$1.93,0.65%,0.45%,5.15%,"$40,545,064"
RACA,RACA,$0.00009904,2.44%,0.61%,18.75%,"$40,676,355"
Jambo,Jambo,$0.2500,0.15%,1.76%,18.67%,"$40,259,062"
Hooked Protocol,Hooked Protocol,$0.1704,0.66%,1.01%,33.59%,"$40,001,533"
McDull,McDull,$0.055281,0.42%,1.55%,17.31%,"$39,904,301"
LimeWire,LimeWire,$0.1188,0.17%,1.30%,19.93%,"$39,847,447"
PaLM AI,PaLM AI,$0.5117,2.90%,4.52%,65.36%,"$39,503,452"
Boop,Boop,$0.1369,4.33%,9.77%,62.28%,"$39,919,431"
IXS,IXS,$0.2183,5.15%,0.04%,19.43%,"$39,302,103"
Orbiter Finance,Orbiter Finance,$0.01253,1.57%,5.06%,10.17%,"$38,844,675"
League of Kingdoms Arena,League of Kingdoms Arena,$0.1025,0.29%,3.10%,28.75%,"$38,460,854"
Everscale,Everscale,$0.01955,0.10%,1.79%,2.95%,"$38,832,466"
Minswap,Minswap,$0.02720,2.93%,4.84%,17.98%,"$38,802,469"
michi (SOL),michi (SOL),$0.06921,1.57%,62.55%,140.58%,"$38,469,136"
Assemble AI,Assemble AI,$0.02566,0.29%,0.88%,6.39%,"$38,502,772"
Alien Worlds,Alien Worlds,$0.006550,0.20%,4.50%,31.09%,"$38,007,683"
Radiant Capital,Radiant Capital,$0.03125,0.50%,5.55%,35.59%,"$38,015,050"
inSure DeFi,inSure DeFi,$0.001431,0.00%,1.77%,22.76%,"$38,355,961"
ThunderCore,ThunderCore,$0.003155,0.54%,0.12%,2.52%,"$38,333,339"
sudeng,sudeng,$0.003700,1.10%,28.41%,53.34%,"$37,006,378"
XION,XION,$1.11,0.32%,6.39%,22.56%,"$37,917,115"
Xphere,Xphere,$0.02214,0.44%,0.08%,6.14%,"$38,071,675"
Altura,Altura,$0.03811,1.24%,20.16%,61.82%,"$37,737,362"
Undeads Games,Undeads Games,$0.8258,0.28%,0.87%,0.86%,"$37,821,832"
Myro,Myro,$0.03946,0.52%,15.86%,67.27%,"$37,258,841"
NAVI Protocol,NAVI Protocol,$0.06495,0.31%,4.70%,25.40%,"$37,419,982"
MobileCoin,MobileCoin,$0.1882,0.20%,0.37%,0.15%,"$37,343,839"
UNIPOLY,UNIPOLY,$0.1701,0.04%,18.97%,31.98%,"$37,307,372"
Suilend,Suilend,$0.7605,0.37%,6.53%,28.94%,"$37,052,322"
Aleph Zero,Aleph Zero,$0.1394,0.93%,1.09%,8.93%,"$37,199,159"
SPECTRE AI,SPECTRE AI,$3.71,2.97%,8.52%,32.10%,"$37,089,327"
NYM,NYM,$0.04556,1.50%,1.21%,2.38%,"$36,967,705"
THENA,THENA,$0.3566,1.99%,5.39%,38.86%,"$36,169,428"
CLV,CLV,$0.02961,1.85%,2.98%,0.93%,"$36,247,985"
DEAPcoin,DEAPcoin,$0.001234,0.94%,0.49%,2.24%,"$36,278,622"
Alkimi,Alkimi,$0.1514,1.53%,6.45%,37.57%,"$35,884,170"
SaucerSwap,SaucerSwap,$0.04404,2.66%,2.91%,14.79%,"$35,571,453"
Celo Dollar,Celo Dollar,$1.00,0.13%,0.11%,0.11%,"$35,594,690"
SuperWalk,SuperWalk,$0.06163,0.19%,0.75%,6.68%,"$35,368,354"
Xterio,Xterio,$0.3706,0.64%,2.42%,26.79%,"$34,830,372"
NetMind Token,NetMind Token,$1.06,1.39%,3.46%,2.52%,"$35,553,608"
Ampleforth,Ampleforth,$1.22,0.49%,2.20%,1.01%,"$34,603,244"
APX,APX,$0.05816,0.84%,3.86%,14.54%,"$34,611,715"
deBridge,deBridge,$0.01889,0.64%,3.11%,19.86%,"$34,562,309"
Hunt Town,Hunt Town,$0.2733,0.08%,0.77%,7.96%,"$34,482,940"
Sweat Economy,Sweat Economy,$0.004866,0.13%,2.14%,7.48%,"$34,341,700"
sUSD,sUSD,$0.9385,0.12%,0.59%,4.77%,"$34,474,391"
DAR Open Network,DAR Open Network,$0.05283,1.30%,6.43%,20.18%,"$34,231,718"
Portal,Portal,$0.06517,0.73%,0.82%,20.04%,"$33,949,208"
Bubblemaps,Bubblemaps,$0.1102,0.50%,0.39%,28.85%,"$34,049,491"
Gitcoin,Gitcoin,$0.3515,0.86%,3.19%,23.02%,"$33,321,668"
Alpaca Finance,Alpaca Finance,$0.2228,6.69%,5.37%,15.07%,"$33,803,712"
Gitcoin,Gitcoin,$0.3515,0.86%,3.19%,23.02%,"$33,321,668"
NKN,NKN,$0.04238,1.03%,2.50%,2.29%,"$33,385,167"
Artrade,Artrade,$0.02647,0.96%,0.73%,38.53%,"$33,362,583"
FirmaChain,FirmaChain,$0.03319,1.68%,3.20%,2.82%,"$33,029,716"
Wibegram,Wibegram,$1.64,0.29%,1.09%,10.32%,"$33,260,168"
Corn,Corn,$0.06331,0.33%,13.64%,10.46%,"$33,240,072"
Energy Web Token,Energy Web Token,$1.09,0.04%,2.63%,60.85%,"$32,895,710"
Uquid Coin,Uquid Coin,$3.28,2.13%,0.11%,10.39%,"$32,861,514"
Toko Token,Toko Token,$0.1943,1.71%,1.80%,20.68%,"$32,780,401"
Amaterasu Omikami,Amaterasu Omikami,$0.03454,2.78%,4.33%,24.97%,"$32,709,493"
Alpha Quark Token,Alpha Quark Token,$1.21,0.53%,1.24%,3.98%,"$32,587,543"
XPLA,XPLA,$0.04028,0.12%,2.36%,3.08%,"$32,465,997"
Epic Chain,Epic Chain,$1.45,8.53%,2.61%,11.62%,"$32,446,664"
Open Loot,Open Loot,$0.06745,1.85%,10.51%,31.67%,"$32,252,609"
PlatON,PlatON,$0.004937,0.21%,3.16%,12.32%,"$32,222,954"
Pixer Eternity,Pixer Eternity,$0.01030,1.25%,17.13%,5.75%,"$32,180,139"
district0x,district0x,$0.03214,0.02%,1.40%,7.48%,"$32,149,769"
DAO Maker,DAO Maker,$0.1619,0.21%,0.86%,16.32%,"$31,929,583"
Covalent X Token,Covalent X Token,$0.03274,0.21%,0.66%,6.00%,"$31,860,627"
ArbDoge AI,ArbDoge AI,$0.091825,0.63%,4.63%,17.64%,"$31,839,906"
Bertram The Pomeranian,Bertram The Pomeranian,$0.03303,6.72%,41.28%,153.77%,"$31,941,176"
Groestlcoin,Groestlcoin,$0.3624,0.06%,1.94%,0.25%,"$31,728,839"
Law Blocks (AI),Law Blocks (AI),$0.1292,0.17%,0.25%,0.89%,"$31,669,538"
Viction,Viction,$0.2613,0.85%,5.20%,23.47%,"$31,612,493"
StakeStone,StakeStone,$0.1401,2.30%,1.43%,20.07%,"$31,584,880"
Klever Coin,Klever Coin,$0.003550,0.09%,3.85%,72.22%,"$31,530,428"
LUKSO,LUKSO,$1.02,0.08%,0.99%,21.17%,"$31,439,140"
moonpig,moonpig,$0.03151,1.44%,13.91%,594.93%,"$31,513,055"
ORIGYN,ORIGYN,$0.004003,2.48%,9.41%,20.93%,"$31,342,023"
Jelly-My-Jelly,Jelly-My-Jelly,$0.03124,0.97%,5.26%,13.11%,"$31,247,089"
Lorenzo Protocol,Lorenzo Protocol,$0.07345,0.90%,2.65%,75.37%,"$31,237,653"
Myria,Myria,$0.001006,1.97%,3.86%,10.52%,"$31,163,626"
Aavegotchi,Aavegotchi,$0.5908,0.08%,3.72%,28.80%,"$31,164,468"
Moss Coin,Moss Coin,$0.07213,0.76%,1.15%,1.90%,"$31,053,634"
Ultra,Ultra,$0.07007,0.71%,8.05%,20.44%,"$30,994,565"
Bella Protocol,Bella Protocol,$0.3862,1.14%,2.75%,7.67%,"$30,902,466"
Hyperlane,Hyperlane,$0.1761,0.41%,5.40%,7.45%,"$30,864,119"
OMG Network,OMG Network,$0.2195,1.75%,2.16%,12.23%,"$30,795,961"
Star Atlas,Star Atlas,$0.001619,1.09%,0.66%,34.82%,"$30,898,732"
RETARDIO,RETARDIO,$0.03128,3.07%,13.32%,83.81%,"$30,523,976"
StrikeX,StrikeX,$0.03054,0.01%,0.79%,36.02%,"$30,549,314"
Quantum Resistant Ledger,Quantum Resistant Ledger,$0.4473,0.07%,4.76%,2.29%,"$30,390,317"
ALEX Lab,ALEX Lab,$0.05005,0.82%,0.25%,19.18%,"$30,358,953"
Elastos,Elastos,$1.33,6.11%,1.83%,9.86%,"$30,315,598"
Neon EVM,Neon EVM,$0.1263,0.78%,1.51%,6.28%,"$30,267,550"
MAP Protocol,MAP Protocol,$0.005194,1.78%,0.24%,5.23%,"$30,251,673"
Obol,Obol,$0.3060,0.91%,5.58%,27.15%,"$30,208,964"
ORBIT,ORBIT,$0.03002,6.85%,80.62%,223.87%,"$30,025,202"
Neutrino Index,Neutrino Index,$0.5742,0.19%,1.88%,1912.38%,"$29,851,081"
tokenbot,tokenbot,$29.74,1.41%,4.32%,11.85%,"$29,748,479"
Electroneum,Electroneum,$0.001648,1.04%,4.69%,5.19%,"$29,635,211"
Enzyme,Enzyme,$9.97,1.44%,2.66%,17.30%,"$29,592,588"
BSquared Network,BSquared Network,$0.6313,0.00%,1.67%,4.54%,"$29,608,777"
Derive,Derive,$0.03965,0.07%,4.17%,36.55%,"$29,247,351"
ChangeNOW Token,ChangeNOW Token,$0.3447,1.02%,3.50%,52.51%,"$29,239,231"
Puffer,Puffer,$0.2853,0.74%,9.53%,46.78%,"$29,189,450"
Kekius Maximus (kekiusmaximus.vip),Kekius Maximus (kekiusmaximus.vip),$0.02918,4.43%,2.87%,34.68%,"$29,183,660"
Stader,Stader,$0.5464,0.03%,0.06%,5.07%,"$29,117,637"
Unizen,Unizen,$0.04640,1.31%,0.60%,5.24%,"$29,172,134"
Pirate Chain,Pirate Chain,$0.1478,1.03%,3.10%,16.13%,"$29,004,593"
Stella,Stella,$0.03125,0.38%,4.79%,5.76%,"$28,817,943"
Orderly Network,Orderly Network,$0.1142,0.70%,1.07%,13.08%,"$28,794,731"
KernelDAO,KernelDAO,$0.1770,0.35%,4.29%,10.36%,"$28,746,395"
Heroes of Mavia,Heroes of Mavia,$0.2564,1.06%,3.88%,16.44%,"$28,706,173"
Dragonchain,Dragonchain,$0.07704,0.69%,9.48%,10.58%,"$28,566,627"
Santos FC Fan Token,Santos FC Fan Token,$2.67,1.39%,2.72%,12.52%,"$28,511,871"
Wirex Token,Wirex Token,$0.002845,0.22%,0.00%,26.52%,"$28,451,027"
Swell Network,Swell Network,$0.01288,0.49%,7.24%,46.73%,"$28,376,573"
xMoney,xMoney,$0.04023,1.14%,4.63%,16.78%,"$28,328,314"
zKML,zKML,$0.2948,2.96%,17.86%,175.24%,"$28,139,262"
LeverFi,LeverFi,$0.0006697,0.49%,6.03%,18.88%,"$28,127,287"
Daddy Tate,Daddy Tate,$0.04669,0.66%,3.35%,6.20%,"$28,000,325"
Chainbounty,Chainbounty,$0.05370,0.34%,1.16%,3.29%,"$27,950,571"
Oho,Oho,$0.001148,0.14%,0.81%,10.42%,"$27,709,016"
TROLL (SOL),TROLL (SOL),$0.02774,2.77%,6.00%,12.26%,"$27,721,815"
Camino Network,Camino Network,$0.08462,0.30%,0.38%,5.42%,"$27,539,499"
Vertical AI,Vertical AI,$0.2749,0.71%,1.11%,62.85%,"$27,499,782"
Electronic USD,Electronic USD,$1.00,0.02%,0.07%,0.02%,"$27,521,322"
AhaToken,AhaToken,$0.004277,0.05%,0.47%,3.41%,"$27,452,987"
DIMO,DIMO,$0.08657,1.24%,4.96%,16.29%,"$27,445,941"
Gochujangcoin,Gochujangcoin,$0.052453,3.78%,17.78%,56.06%,"$27,421,879"
Agoras: Tau Net,Agoras: Tau Net,$0.9099,0.51%,7.75%,24.67%,"$27,171,722"
Haedal Protocol,Haedal Protocol,$0.1391,0.35%,9.99%,5.70%,"$27,136,803"
Alchemix,Alchemix,$11.17,0.90%,3.77%,30.31%,"$27,104,093"
SIGMA,SIGMA,$0.03010,4.05%,18.53%,51.99%,"$27,090,290"
MilkyWay,MilkyWay,$0.1133,1.79%,3.19%,10.57%,"$27,071,706"
ORA,ORA,$0.7369,0.06%,2.03%,6.64%,"$27,022,373"
Victoria VR,Victoria VR,$0.004252,9.22%,12.10%,36.27%,"$26,989,575"
Bitgert,Bitgert,$0.076811,1.75%,3.68%,10.42%,"$26,950,893"
IDEX,IDEX,$0.02861,0.35%,3.82%,15.42%,"$26,885,535"
Heima,Heima,$0.3756,1.63%,3.54%,8.85%,"$26,852,509"
Tutorial,Tutorial,$0.03191,1.89%,14.77%,18.13%,"$26,780,365"
Joe coin,Joe coin,$0.02667,7.98%,15.84%,102.95%,"$26,679,383"
Wanchain,Wanchain,$0.1340,0.38%,3.81%,23.97%,"$26,607,996"
Stride,Stride,$0.3019,2.03%,2.15%,15.51%,"$26,522,373"
GamerCoin,GamerCoin,$0.04036,0.52%,1.84%,13.97%,"$26,236,388"
Balance,Balance,$0.01130,5.83%,14.76%,11.11%,"$26,192,025"
Bluefin,Bluefin,$0.1164,1.22%,8.04%,10.22%,"$26,186,749"
Basenji,Basenji,$0.02614,6.74%,13.55%,50.00%,"$26,140,294"
TokenFi,TokenFi,$0.02609,0.09%,6.44%,42.28%,"$26,092,111"
Shapeshift FOX Token,Shapeshift FOX Token,$0.03376,1.31%,0.54%,16.45%,"$26,080,067"
Burnedfi,Burnedfi,$1.98,0.82%,6.94%,11.27%,"$26,038,978"
Isiklar Coin,Isiklar Coin,$0.2596,0.20%,0.05%,0.13%,"$25,966,661"
PeiPei (ETH),PeiPei (ETH),$0.076141,4.82%,1.55%,74.63%,"$25,836,552"
Metacade,Metacade,$0.01932,0.27%,8.12%,73.42%,"$25,794,723"
Connex,Connex,$21.95,0.16%,1.05%,10.40%,"$25,429,169"
Luna by Virtuals,Luna by Virtuals,$0.02530,3.28%,6.12%,6.31%,"$25,307,718"
KARRAT,KARRAT,$0.08073,0.30%,2.14%,3.29%,"$25,288,664"
MOO DENG (moodeng.vip),MOO DENG (moodeng.vip),$0.00006153,0.98%,59.64%,153.03%,"$25,136,734"
Gifto,Gifto,$0.01121,12.69%,1.15%,179.97%,"$25,107,254"
RARI,RARI,$1.35,0.22%,3.07%,16.11%,"$25,048,317"
Pikaboss,Pikaboss,$0.075934,1.40%,0.98%,27.72%,"$24,966,271"
Pocket Network,Pocket Network,$0.01242,1.04%,3.44%,5.99%,"$24,818,008"
Harvest Finance,Harvest Finance,$36.89,0.73%,0.80%,21.35%,"$24,800,528"
Brickken,Brickken,$0.3443,5.99%,9.18%,104.04%,"$24,740,276"
TokenPocket,TokenPocket,$0.007067,1.01%,1.21%,9.39%,"$24,500,859"
Star Atlas DAO,Star Atlas DAO,$0.08502,0.15%,3.70%,35.59%,"$24,441,752"
MNEE,MNEE,$0.9998,0.18%,0.22%,0.22%,"$24,469,261"
Green Satoshi Token (SOL),Green Satoshi Token (SOL),$0.007518,0.64%,0.30%,8.61%,"$24,358,051"
SwarmNode.ai,SwarmNode.ai,$0.02684,1.89%,30.20%,67.60%,"$24,223,971"
Vow,Vow,$0.06815,0.04%,0.93%,3.83%,"$24,283,957"
Masa,Masa,$0.03511,0.56%,3.85%,42.36%,"$24,173,585"
Gelato,Gelato,$0.09185,1.55%,1.80%,63.46%,"$24,040,280"
StorX Network,StorX Network,$0.06012,1.24%,0.82%,0.13%,"$24,050,571"
Solend,Solend,$0.2408,4.46%,3.08%,35.91%,"$24,005,716"
StaFi,StaFi,$0.2108,0.01%,1.75%,0.47%,"$23,859,175"
GOLDAO,GOLDAO,$0.03374,2.79%,9.24%,42.29%,"$23,904,540"
Badger DAO,Badger DAO,$1.17,0.97%,8.10%,14.31%,"$23,982,410"
OG Fan Token,OG Fan Token,$5.54,19.57%,16.35%,34.21%,"$23,863,334"
DEXTools,DEXTools,$0.3069,1.21%,3.10%,42.13%,"$23,815,915"
Polkastarter,Polkastarter,$0.2397,0.65%,2.48%,11.44%,"$23,783,707"
ELYSIA,ELYSIA,$0.005153,0.49%,5.72%,12.99%,"$23,755,334"
Free Palestine,Free Palestine,$0.02420,0.16%,0.19%,9.28%,"$23,482,658"
Perpetual Protocol,Perpetual Protocol,$0.3563,0.62%,5.21%,17.86%,"$23,518,899"
Measurable Data Token,Measurable Data Token,$0.03478,0.60%,4.77%,23.92%,"$23,517,987"
Hegic,Hegic,$0.03333,2.62%,7.30%,12.10%,"$23,458,076"
Shadow Token,Shadow Token,$0.1456,1.22%,4.57%,11.00%,"$23,560,621"
Fair and Free,Fair and Free,$0.02522,2.05%,2.13%,14.61%,"$23,605,459"
Book of Ethereum,Book of Ethereum,$0.2426,3.60%,6.88%,118.76%,"$23,338,959"
Taraxa,Taraxa,$0.004311,2.20%,3.34%,12.53%,"$23,140,396"
Grok,Grok,$0.003640,2.41%,10.86%,30.42%,"$23,010,188"
EarthMeta,EarthMeta,$0.01592,0.15%,0.06%,2.83%,"$22,896,155"
Biswap,Biswap,$0.04209,0.41%,5.77%,8.40%,"$22,921,837"
Komodo,Komodo,$0.1663,0.00%,2.71%,20.95%,"$22,612,837"
Mind Network,Mind Network,$0.09117,6.43%,5.55%,8.67%,"$22,703,458"
Streamr,Streamr,$0.01976,0.96%,3.34%,25.51%,"$22,541,708"
SynFutures,SynFutures,$0.01302,0.18%,0.54%,19.92%,"$22,485,576"
OORT,OORT,$0.05662,0.63%,2.70%,12.66%,"$22,445,377"
Spectral,Spectral,$1.58,2.27%,0.19%,18.26%,"$22,418,700"
Mango,Mango,$0.02000,0.51%,0.76%,4.92%,"$22,350,798"
PumpBTC (Governance token),PumpBTC (Governance token),$0.07828,0.40%,2.06%,4.74%,"$22,310,331"
Vertex Protocol,Vertex Protocol,$0.04341,0.18%,0.91%,1.58%,"$22,183,126"
Fractal Bitcoin,Fractal Bitcoin,$0.5872,0.41%,5.84%,10.65%,"$22,160,355"
Sharp,Sharp,$0.008220,1.47%,4.11%,1.34%,"$22,091,297"
Contentos,Contentos,$0.004265,0.59%,5.77%,24.21%,"$22,078,477"
RAMP,RAMP,$0.04612,0.17%,2.61%,5.16%,"$22,038,347"
Hoppy,Hoppy,$0.00005224,1.85%,1.97%,40.91%,"$21,977,909"
Limitus,Limitus,$0.02657,6.05%,132.41%,129.78%,"$22,061,533"
Dark Eclipse,Dark Eclipse,$0.02109,3.80%,31.13%,12.92%,"$21,094,881"
Voxies,Voxies,$0.08933,0.32%,1.37%,0.86%,"$21,413,475"
Ultiverse,Ultiverse,$0.003937,0.15%,18.81%,15.32%,"$21,564,764"
Flamingo,Flamingo,$0.03954,1.97%,7.18%,12.56%,"$21,518,921"
Infinitar,Infinitar,$0.2296,1.23%,5.33%,8.08%,"$21,479,184"
XeniosCoin,XeniosCoin,$0.2799,0.00%,0.00%,2.18%,"$21,356,204"
Vara Network,Vara Network,$0.007249,1.11%,3.27%,12.92%,"$21,377,265"
Dione Protocol,Dione Protocol,$0.002095,2.50%,2.15%,36.61%,"$21,256,616"
WHY,WHY,$0.075057,2.32%,8.18%,18.76%,"$21,242,844"
Paris Saint-Germain Fan Token,Paris Saint-Germain Fan Token,$2.41,0.47%,3.04%,5.98%,"$21,195,608"
Self Chain,Self Chain,$0.2182,0.51%,2.81%,12.36%,"$21,171,897"
LTO Network,LTO Network,$0.04802,1.24%,0.97%,3.95%,"$21,026,412"
The Arena,The Arena,$0.009575,1.69%,6.76%,46.21%,"$21,046,356"
BasedAI,BasedAI,$0.6064,1.14%,3.51%,18.16%,"$20,981,167"
OctaSpace,OctaSpace,$0.5720,2.93%,5.40%,1.59%,"$20,889,799"
NEOPIN,NEOPIN,$0.09609,1.37%,0.85%,12.60%,"$20,856,291"
QuickSwap [Old],QuickSwap [Old],$27.26,0.95%,2.86%,11.79%,"$20,507,148"
Billy (Bitcoin),Billy (Bitcoin),$0.02048,3.59%,7.59%,49.18%,"$20,486,990"
MemeFi,MemeFi,$0.002047,4.10%,3.63%,58.94%,"$20,470,626"
Retard Finder Coin,Retard Finder Coin,$0.02107,0.01%,7.64%,21.54%,"$20,264,768"
Adshares,Adshares,$0.5202,0.94%,1.99%,0.22%,"$20,149,475"
LooksRare,LooksRare,$0.02034,0.56%,2.91%,28.27%,"$20,346,893"
OKZOO,OKZOO,$0.4060,0.20%,2.13%,7.10%,"$20,301,969"
Cortex,Cortex,$0.08820,0.75%,4.25%,18.75%,"$20,241,072"
zkLink,zkLink,$0.07661,0.58%,1.76%,17.21%,"$20,225,658"
Bluzelle,Bluzelle,$0.04319,2.47%,8.14%,16.31%,"$20,160,988"
Games for a Living,Games for a Living,$0.005518,0.15%,1.74%,0.63%,"$20,059,401"
FractonX,FractonX,$0.2292,0.06%,5.79%,3.59%,"$20,051,502"
Department Of Government Efficiency (dogegov.com),Department Of Government Efficiency (dogegov.com),$0.02034,4.24%,9.41%,89.11%,"$19,921,970"
MiraclePlay,MiraclePlay,$0.02347,0.24%,0.05%,5.69%,"$20,021,222"
Quickswap [New],Quickswap [New],$0.02654,0.06%,4.05%,12.51%,"$19,969,606"
FC Barcelona Fan Token,FC Barcelona Fan Token,$1.86,0.11%,10.90%,20.80%,"$19,913,521"
Hifi Finance,Hifi Finance,$0.1400,5.13%,0.01%,47.18%,"$19,866,539"
MetaMUI,MetaMUI,$0.04175,0.03%,0.13%,5.94%,"$19,884,504"
REI Network,REI Network,$0.02060,0.03%,3.25%,17.37%,"$19,578,901"
MANEKI,MANEKI,$0.002216,1.46%,10.68%,29.65%,"$19,631,792"
Boson Protocol,Boson Protocol,$0.1331,2.96%,2.47%,22.28%,"$19,600,814"
Propchain,Propchain,$0.7174,0.04%,9.50%,30.60%,"$19,506,292"
Numbers Protocol,Numbers Protocol,$0.02510,0.79%,2.78%,20.77%,"$19,507,595"
Magpie,Magpie,$0.04257,1.33%,0.44%,35.76%,"$19,466,122"
Broccoli (firstbroccoli.com),Broccoli (firstbroccoli.com),$0.01947,0.95%,6.59%,7.92%,"$19,479,517"
Major,Major,$0.2331,2.78%,5.95%,42.35%,"$19,429,724"
My Lovely Planet,My Lovely Planet,$0.3492,0.05%,5.58%,22.57%,"$19,387,232"
SideShift Token,SideShift Token,$0.1342,0.06%,4.96%,5.82%,"$19,376,839"
Shadow Exchange,Shadow Exchange,$53.23,0.54%,6.76%,43.55%,"$19,305,230"
Pythia,Pythia,$0.01928,0.36%,3.41%,35.41%,"$19,287,853"
Aegis YUSD,Aegis YUSD,$1.00,0.00%,0.01%,0.02%,"$19,192,529"
ZUSD,ZUSD,$0.9988,0.10%,0.09%,0.35%,"$18,991,405"
BFG Token,BFG Token,$0.01680,0.09%,0.82%,0.94%,"$18,871,530"
AXEL,AXEL,$0.06591,0.15%,0.94%,7.30%,"$18,660,333"
aixCB by Virtuals,aixCB by Virtuals,$0.01866,6.53%,14.20%,46.39%,"$18,539,554"
Pepecoin,Pepecoin,$0.0001899,1.58%,6.10%,5.84%,"$18,496,964"
DIAM,DIAM,$0.01284,0.03%,1.76%,3.04%,"$18,449,076"
Step Finance,Step Finance,$0.08315,2.42%,7.12%,9.38%,"$18,411,874"
Dolomite,Dolomite,$0.05068,0.06%,1.44%,3.16%,"$18,332,578"
Doge Killer,Doge Killer,$172.11,0.03%,1.58%,17.14%,"$18,314,486"
Nexera,Nexera,$0.01797,2.33%,8.52%,58.72%,"$18,241,652"
Smoking Chicken Fish,Smoking Chicken Fish,$0.01799,2.93%,36.05%,167.04%,"$17,989,648"
FLock.io,FLock.io,$0.1026,6.15%,3.60%,42.76%,"$18,135,963"
Pirate Nation,Pirate Nation,$0.07594,6.32%,22.86%,10.48%,"$18,061,824"
WUFFI,WUFFI,$0.062156,0.12%,0.01%,15.33%,"$18,026,224"
Galatasaray Fan Token,Galatasaray Fan Token,$2.80,0.79%,2.96%,6.40%,"$18,138,729"
Mochi (New),Mochi (New),$0.00001887,1.71%,16.46%,67.59%,"$17,701,235"
Verasity,Verasity,$0.001880,1.83%,7.50%,16.57%,"$18,094,534"
SIX,SIX,$0.02120,0.33%,0.53%,17.13%,"$18,040,808"
Blockasset,Blockasset,$0.1034,0.77%,2.84%,31.05%,"$17,883,586"
crow with knife,crow with knife,$0.072318,2.61%,4.33%,15.95%,"$17,852,029"
ChainSwap,ChainSwap,$0.01927,3.37%,1.92%,43.33%,"$17,812,366"
Inverse Finance,Inverse Finance,$29.36,0.09%,5.33%,1.63%,"$17,698,656"
Crown by Third Time Games,Crown by Third Time Games,$0.09300,1.98%,3.85%,3.52%,"$17,728,148"
Aki Network,Aki Network,$0.008830,0.08%,0.60%,16.07%,"$17,661,223"
Mumu the Bull (SOL),Mumu the Bull (SOL),$0.057747,4.57%,39.40%,152.68%,"$17,689,864"
Aura Finance,Aura Finance,$0.2698,0.39%,0.34%,28.36%,"$17,509,285"
FIO Protocol,FIO Protocol,$0.02153,0.41%,6.81%,30.98%,"$17,446,877"
Beefy,Beefy,$217.63,0.30%,3.45%,26.65%,"$17,410,855"
Shiro Neko,Shiro Neko,$0.071729,0.95%,4.48%,22.21%,"$17,296,029"
AdEx,AdEx,$0.1173,2.29%,4.75%,19.73%,"$17,361,380"
SwissCheese,SwissCheese,$0.3970,0.44%,7.36%,4.36%,"$17,171,937"
Oobit,Oobit,$0.01698,0.23%,1.02%,18.41%,"$16,981,258"
CreatorBid,CreatorBid,$0.06261,0.30%,6.63%,23.10%,"$16,811,196"
Aerobud,Aerobud,$0.01743,3.79%,4.37%,55.50%,"$16,909,611"
Cratos,Cratos,$0.0003407,0.31%,0.42%,3.93%,"$16,798,414"
Alpine F1 Team Fan Token,Alpine F1 Team Fan Token,$1.08,0.77%,22.99%,40.13%,"$16,770,049"
Hermez Network,Hermez Network,$3.56,0.76%,1.71%,8.13%,"$16,759,602"
Koma Inu,Koma Inu,$0.03433,0.46%,10.63%,59.36%,"$16,743,248"
PIVX,PIVX,$0.1801,1.40%,1.67%,3.55%,"$16,747,065"
Indigo Protocol,Indigo Protocol,$1.04,0.07%,0.91%,11.71%,"$16,701,804"
Hacken Token,Hacken Token,$0.02000,0.03%,3.36%,7.45%,"$16,670,707"
Kendu,Kendu,$0.00001756,1.82%,3.53%,60.75%,"$16,654,658"
Lion Cat,Lion Cat,$0.04420,0.09%,1.27%,8.13%,"$16,708,136"
Tranchess,Tranchess,$0.08306,0.26%,9.10%,27.14%,"$16,653,526"
Aleph Cloud,Aleph Cloud,$0.06706,0.25%,0.72%,5.79%,"$16,580,087"
ROGin AI,ROGin AI,$0.2468,0.57%,1.61%,2.95%,"$16,539,043"
SquidGrow,SquidGrow,$0.01642,0.35%,16.32%,128.90%,"$16,426,008"
HOPR,HOPR,$0.04819,0.11%,4.08%,4.61%,"$16,441,940"
Namecoin,Namecoin,$1.11,0.54%,2.32%,7.67%,"$16,477,830"
Ribbon Finance,Ribbon Finance,$0.1687,0.14%,0.65%,1.37%,"$16,226,927"
UNS TOKEN,UNS TOKEN,$0.1530,0.00%,0.00%,0.00%,"$16,157,827"
Scallop,Scallop,$0.1542,0.08%,8.30%,4.03%,"$16,094,553"
BOTIFY,BOTIFY,$0.01598,0.24%,5.05%,95.11%,"$15,979,777"
Cryptex Finance,Cryptex Finance,$2.05,0.01%,4.71%,13.10%,"$15,990,582"
TRUF.Network,TRUF.Network,$0.05087,1.78%,1.91%,29.83%,"$15,975,323"
Suku,Suku,$0.03590,0.52%,0.19%,6.29%,"$15,824,207"
MATH,MATH,$0.1384,0.66%,4.77%,8.44%,"$15,833,590"
HOSKY Token,HOSKY Token,$0.077019,1.65%,3.89%,32.98%,"$16,003,809"
Boba Network,Boba Network,$0.09234,0.67%,4.09%,19.26%,"$15,849,176"
Splintershards,Splintershards,$0.01186,0.53%,1.86%,21.14%,"$15,761,389"
GmeStop,GmeStop,$0.002270,2.76%,4.94%,29.27%,"$15,634,925"
Volt Inu,Volt Inu,$0.062858,1.06%,7.91%,33.05%,"$15,656,431"
Tokemak,Tokemak,$0.1859,0.01%,7.09%,5.72%,"$15,396,506"
PARSIQ,PARSIQ,$0.05000,2.09%,2.99%,11.98%,"$15,515,146"
Mother Iggy,Mother Iggy,$0.01564,5.95%,4.94%,48.87%,"$15,431,883"
Pkoin,Pkoin,$1.10,0.02%,1.74%,1.65%,"$15,424,362"
Soil,Soil,$0.4660,0.32%,5.45%,65.99%,"$15,399,164"
Central African Republic Meme,Central African Republic Meme,$0.01519,4.76%,9.39%,5.68%,"$15,192,860"
Swarm,Swarm,$0.2918,0.01%,3.60%,9.00%,"$15,350,788"
Propbase,Propbase,$0.03714,1.69%,1.88%,19.16%,"$15,290,524"
SIDUS,SIDUS,$0.001129,6.51%,8.81%,22.40%,"$15,263,497"
ASD,ASD,$0.02313,0.14%,2.34%,3.24%,"$15,283,658"
ParaSwap,ParaSwap,$0.02039,2.70%,4.80%,31.57%,"$15,195,884"
Cornucopias,Cornucopias,$0.01650,1.17%,2.21%,19.24%,"$15,132,048"
MonaCoin,MonaCoin,$0.2290,0.84%,1.95%,0.13%,"$15,054,469"
Opulous,Opulous,$0.04017,4.50%,0.97%,50.69%,"$15,012,227"
TG Casino,TG Casino,$0.1859,1.59%,19.15%,22.22%,"$14,934,516"
Stonks,Stonks,$25.31,2.36%,17.45%,56.84%,"$14,678,742"
VAIOT,VAIOT,$0.03982,3.92%,3.42%,28.59%,"$14,919,123"
Odos,Odos,$0.008969,1.25%,5.51%,36.86%,"$14,948,769"
Dora Factory,Dora Factory,$0.02760,2.94%,3.03%,13.52%,"$14,830,396"
GameFi.org,GameFi.org,$1.37,2.60%,0.72%,15.18%,"$15,014,254"
Mr Mint,Mr Mint,$0.04243,2.29%,3.77%,10.30%,"$14,845,106"
RichQUACK.com,RichQUACK.com,$0.093363,0.25%,0.56%,9.84%,"$14,826,466"
Houdini Swap,Houdini Swap,$0.1576,1.67%,6.40%,6.21%,"$14,806,897"
Cross The Ages,Cross The Ages,$0.02955,0.42%,6.58%,18.43%,"$14,744,779"
Gems,Gems,$0.03665,3.04%,1.52%,24.03%,"$14,659,546"
Rupiah Token,Rupiah Token,$0.00006127,0.05%,0.04%,0.08%,"$14,651,858"
Comtech Gold,Comtech Gold,$103.60,1.59%,2.92%,1.39%,"$14,608,141"
SHPING,SHPING,$0.006379,3.25%,1.51%,7.41%,"$14,589,483"
Hathor,Hathor,$0.03147,0.06%,4.09%,40.55%,"$14,563,162"
AMO Coin,AMO Coin,$0.0006854,0.33%,0.42%,4.99%,"$14,530,749"
Bitcoin Gold,Bitcoin Gold,$0.8277,0.01%,2.44%,2.64%,"$14,497,283"
GYEN,GYEN,$0.006897,0.01%,0.24%,0.52%,"$14,476,789"
